transaction_id,date,time,store_location,product_id,product_name,category,unit_price,quantity,total_price,customer_id,payment_method
0,14-07-2024,8.39.00 PM,Midtown,395,Cappuccino,Coffee,2.88,2,5.76,7726,Mobile
2,11-04-2024,4.52.00 PM,Midtown,825,Mocha,Beverage,7.26,1,7.26,7430,Card
5,19-12-2024,2.50.00 PM,Downtown,868,Mocha,Coffee,5.5,2,11,4644,Card
6,19-03-2024,7.12.00 AM,Midtown,913,Americano,Coffee,5.62,4,22.48,7413,Cash
9,16-06-2024,7.49.00 PM,Midtown,445,Cappuccino,Beverage,2.58,2,5.16,4174,Card
11,27-03-2024,12.51.00 PM,Midtown,519,Americano,Beverage,3.75,3,11.25,3630,Mobile
12,26-09-2024,8.13.00 AM,Downtown,281,Mocha,Beverage,5.88,3,17.64,4161,Card
13,16-08-2024,10.11.00 AM,Midtown,924,Mocha,Coffee,6.03,1,6.03,5321,Card
15,03-11-2024,7.13.00 AM,Downtown,930,Latte,Beverage,4.06,2,8.12,7269,Mobile
16,01-03-2024,11.21.00 AM,Uptown,666,Mocha,Coffee,3.86,4,15.44,8099,Card
18,18-07-2024,6.59.00 PM,Uptown,760,Mocha,Coffee,6.83,2,13.66,5078,Mobile
19,12-08-2024,1.46.00 PM,Uptown,530,Americano,Coffee,7.23,4,28.92,6801,Card
20,19-08-2024,6.30.00 PM,Downtown,408,Cappuccino,Beverage,3.03,3,9.09,5151,Cash
21,24-03-2024,7.22.00 PM,Downtown,236,Mocha,Beverage,3.27,1,3.27,9911,Mobile
23,12-10-2024,7.01.00 PM,Uptown,535,missing,Coffee,6.18,3,18.54,7175,Cash
24,27-05-2024,9.34.00 AM,Downtown,412,Latte,Coffee,6.91,2,13.82,1666,Mobile
26,20-07-2024,8.39.00 PM,Downtown,765,Latte,Beverage,5.44,2,10.88,6840,Mobile
28,22-08-2024,8.44.00 PM,Midtown,674,Espresso,Coffee,5.9,1,5.9,5593,Card
29,23-07-2024,11.27.00 AM,Midtown,343,Mocha,Beverage,4.54,2,9.08,2465,Mobile
31,09-05-2024,12.29.00 PM,Midtown,701,Latte,Coffee,5.41,1,5.41,5734,Card
32,16-07-2024,1.00.00 PM,Uptown,174,Espresso,Beverage,3.77,3,11.31,7257,Cash
33,26-10-2024,12.17.00 PM,Uptown,905,missing,Coffee,4.75,4,19,8366,Mobile
34,28-12-2024,7.42.00 AM,Midtown,485,Americano,Beverage,7.29,1,7.29,4672,Card
35,16-08-2024,9.09.00 PM,Uptown,309,missing,Coffee,4.5,2,9,8382,Card
36,02-07-2024,3.40.00 PM,Midtown,574,Mocha,Coffee,6.7,2,13.4,7587,Cash
37,30-08-2024,2.41.00 PM,Midtown,517,Espresso,Beverage,3.44,3,10.32,1992,Cash
39,28-12-2024,12.24.00 PM,Midtown,628,missing,Coffee,7.39,1,7.39,3121,Mobile
41,18-04-2024,7.58.00 PM,Midtown,975,Americano,Coffee,2.54,4,10.16,5522,Card
43,24-09-2024,8.35.00 AM,Downtown,278,Americano,Beverage,2.96,4,11.84,4237,Cash
44,01-03-2024,9.59.00 PM,Downtown,281,Espresso,Coffee,6.24,2,12.48,5136,Card
46,09-10-2024,4.43.00 PM,Uptown,124,Mocha,Beverage,4.67,1,4.67,5704,Cash
47,23-05-2024,11.44.00 AM,Downtown,279,Latte,Beverage,3.79,4,15.16,5823,Cash
49,26-10-2024,2.26.00 PM,Uptown,600,Mocha,Beverage,6.12,2,12.24,4201,Cash
50,17-09-2024,1.53.00 PM,Uptown,955,Mocha,Beverage,2.55,2,5.1,6471,Mobile
51,03-06-2024,10.18.00 PM,Downtown,260,Americano,Beverage,5.45,4,21.8,1888,Card
52,20-01-2024,5.20.00 PM,Uptown,276,Espresso,Beverage,5.57,1,5.57,8127,Mobile
54,03-12-2024,4.06.00 PM,Uptown,162,Espresso,Coffee,3.71,2,7.42,3883,Mobile
55,26-02-2024,11.30.00 AM,Midtown,761,Latte,Coffee,6.07,2,12.14,5212,Cash
57,03-01-2024,7.55.00 AM,Downtown,255,Espresso,Beverage,3.5,1,3.5,3415,Mobile
58,13-02-2024,7.16.00 AM,Midtown,981,Mocha,Beverage,6.89,3,20.67,4001,Mobile
59,16-03-2024,10.23.00 PM,Midtown,568,Latte,Beverage,6.19,4,24.76,2738,Card
61,08-05-2024,7.38.00 AM,Downtown,948,Latte,Beverage,3.74,4,14.96,3708,Mobile
62,19-07-2024,4.22.00 PM,Uptown,183,Cappuccino,Beverage,3.57,3,10.71,1924,Card
64,29-06-2024,4.19.00 PM,Uptown,788,Americano,Coffee,3.74,2,7.48,9777,Card
66,27-02-2024,5.46.00 PM,Uptown,729,Cappuccino,Beverage,4.79,3,14.37,1912,Card
67,01-05-2024,6.33.00 AM,Uptown,441,Americano,Beverage,6.16,3,18.48,3321,Cash
68,16-11-2024,2.48.00 PM,Uptown,575,Americano,Coffee,5.53,3,16.59,1495,Cash
69,04-09-2024,6.39.00 AM,Downtown,162,Latte,Coffee,5.86,4,23.44,3148,Cash
70,22-12-2024,9.27.00 AM,Midtown,800,Espresso,Beverage,2.91,2,5.82,1556,Mobile
71,22-05-2024,10.15.00 AM,Uptown,459,Latte,Beverage,7.26,1,7.26,2552,Cash
72,19-02-2024,8.57.00 PM,Uptown,660,Cappuccino,Coffee,6.69,2,13.38,3120,Mobile
73,20-11-2024,6.38.00 AM,Uptown,426,Americano,Coffee,6.53,4,26.12,4085,Mobile
75,31-07-2024,5.54.00 PM,Uptown,835,Espresso,Coffee,7.16,1,7.16,1156,Card
76,14-01-2024,10.11.00 AM,Uptown,240,Latte,Beverage,5.22,4,20.88,9926,Mobile
79,25-11-2024,2.16.00 PM,Uptown,990,Cappuccino,Beverage,6.21,3,18.63,6523,Card
80,23-12-2024,2.51.00 PM,Midtown,822,Americano,Coffee,6.19,3,18.57,8543,Card
85,17-11-2024,12.59.00 PM,Uptown,404,Mocha,Beverage,5.42,3,16.26,1154,Mobile
86,29-06-2024,11.29.00 AM,Midtown,528,Cappuccino,Beverage,5.19,4,20.76,8950,Cash
87,19-10-2024,3.00.00 PM,Downtown,576,Americano,Coffee,3.84,2,7.68,1996,Card
89,15-07-2024,10.20.00 AM,Downtown,243,Latte,Coffee,6.98,4,27.92,3905,Mobile
90,11-09-2024,3.14.00 PM,Downtown,523,Espresso,Coffee,5.83,3,17.49,1153,Mobile
92,06-03-2024,7.35.00 PM,Downtown,117,Mocha,Coffee,4.77,4,19.08,7481,Mobile
94,20-12-2024,6.55.00 AM,Downtown,689,Espresso,Coffee,3.74,2,7.48,2716,Cash
95,15-12-2024,6.44.00 PM,Downtown,470,Latte,Beverage,6.03,2,12.06,1786,Card
96,10-11-2024,3.18.00 PM,Downtown,274,Cappuccino,Coffee,4.64,3,13.92,5368,Cash
97,07-09-2024,6.18.00 PM,Midtown,293,missing,Coffee,4.71,2,9.42,9096,Cash
98,30-09-2024,7.02.00 AM,Downtown,601,Latte,Beverage,5.75,4,23,5272,Cash
100,24-09-2024,7.41.00 PM,Midtown,213,Latte,Coffee,2.82,2,5.64,9834,Mobile
101,03-12-2024,3.23.00 PM,Midtown,321,Mocha,Coffee,6.62,4,26.48,6994,Cash
102,10-02-2024,2.13.00 PM,Midtown,777,Espresso,Coffee,3.96,2,7.92,8216,Card
103,22-12-2024,7.26.00 AM,Downtown,930,Espresso,Coffee,4.72,2,9.44,9857,Card
104,19-12-2024,2.05.00 PM,Midtown,743,Cappuccino,Coffee,2.61,1,2.61,4426,Cash
105,09-07-2024,7.12.00 AM,Midtown,996,Americano,Beverage,4.01,3,12.03,4783,Card
106,18-09-2024,4.15.00 PM,Downtown,363,Cappuccino,Beverage,5.01,3,15.03,6427,Cash
107,22-11-2024,6.00.00 PM,Midtown,154,Americano,Coffee,2.78,1,2.78,8011,Card
108,29-02-2024,12.46.00 PM,Downtown,970,Latte,Coffee,4.96,1,4.96,9052,Card
109,11-12-2024,8.03.00 AM,Uptown,742,Latte,Beverage,7.14,3,21.42,4701,Cash
111,04-01-2024,2.55.00 PM,Uptown,877,Americano,Coffee,6.32,2,12.64,8011,Mobile
112,06-04-2024,8.27.00 PM,Downtown,557,Mocha,Coffee,4.55,3,13.65,8055,Cash
113,30-12-2024,7.15.00 AM,Midtown,977,Espresso,Coffee,5.78,2,11.56,2212,Cash
114,10-07-2024,8.40.00 PM,Downtown,261,Americano,Coffee,3.8,1,3.8,7965,Mobile
115,15-11-2024,3.14.00 PM,Uptown,479,Cappuccino,Beverage,3.3,2,6.6,7704,Cash
116,01-06-2024,9.43.00 AM,Downtown,186,Espresso,Coffee,3.3,2,6.6,8433,Cash
118,12-02-2024,9.43.00 AM,Midtown,575,Cappuccino,Coffee,3.43,4,13.72,1143,Cash
119,21-11-2024,7.15.00 PM,Uptown,899,Espresso,Beverage,5.82,4,23.28,8367,Cash
120,11-09-2024,12.50.00 PM,Downtown,277,Americano,Beverage,6.91,2,13.82,4228,Mobile
124,09-07-2024,8.33.00 AM,Midtown,932,Latte,Beverage,3.95,3,11.85,3713,Card
125,02-02-2024,8.29.00 AM,Downtown,412,Americano,Coffee,4.05,2,8.1,5185,Card
127,02-06-2024,12.40.00 PM,Downtown,934,Americano,Beverage,5.08,2,10.16,5633,Cash
130,28-07-2024,12.16.00 PM,Midtown,427,Latte,Beverage,4.27,1,4.27,1723,Card
131,12-05-2024,4.03.00 PM,Downtown,153,Cappuccino,Beverage,6.64,2,13.28,6694,Mobile
132,03-07-2024,1.23.00 PM,Downtown,860,Americano,Coffee,6.45,1,6.45,4010,Cash
133,19-10-2024,5.33.00 PM,Uptown,338,Mocha,Beverage,4.04,4,16.16,6555,Mobile
135,19-12-2024,9.07.00 AM,Midtown,678,Cappuccino,Beverage,7.26,2,14.52,3506,Card
136,16-12-2024,6.48.00 AM,Uptown,150,Latte,Coffee,4.13,3,12.39,2537,Cash
137,04-01-2024,11.39.00 AM,Midtown,708,Americano,Beverage,4.27,3,12.81,1397,Card
139,04-04-2024,10.22.00 PM,Downtown,363,Espresso,Beverage,7.21,2,14.42,5825,Cash
140,27-09-2024,5.17.00 PM,Midtown,517,Cappuccino,Beverage,6.88,1,6.88,9747,Cash
141,27-10-2024,6.24.00 PM,Midtown,902,Latte,Coffee,3.01,4,12.04,7048,Card
142,02-07-2024,4.50.00 PM,Uptown,195,Americano,Beverage,4.46,3,13.38,4661,Mobile
143,06-01-2024,9.09.00 AM,Uptown,187,Americano,Coffee,5.27,1,5.27,3941,Cash
144,21-05-2024,10.07.00 AM,Downtown,177,Latte,Coffee,5.02,1,5.02,8067,Card
145,12-12-2024,12.54.00 PM,Midtown,387,Americano,Coffee,3.47,3,10.41,6091,Card
146,07-03-2024,5.39.00 PM,Midtown,219,Mocha,Beverage,6.79,2,13.58,2601,Mobile
148,19-10-2024,9.16.00 AM,Downtown,590,Mocha,Beverage,6.69,3,20.07,7230,Card
149,25-09-2024,4.20.00 PM,Downtown,551,Espresso,Coffee,6.79,2,13.58,4276,Mobile
150,29-02-2024,12.33.00 PM,Uptown,599,Latte,Beverage,6.24,4,24.96,7447,Card
151,05-09-2024,8.17.00 PM,Downtown,264,Espresso,Coffee,4.7,3,14.1,6499,Cash
153,04-09-2024,11.43.00 AM,Midtown,568,Espresso,Coffee,3.3,4,13.2,2299,Card
156,08-08-2024,10.43.00 AM,Midtown,106,Cappuccino,Beverage,5.97,3,17.91,5994,Mobile
157,06-05-2024,1.13.00 PM,Downtown,429,Mocha,Coffee,3.65,3,10.95,8489,Cash
158,18-01-2024,7.54.00 AM,Downtown,874,Americano,Coffee,3.09,3,9.27,9269,Card
159,27-06-2024,2.46.00 PM,Midtown,772,Cappuccino,Coffee,3.33,2,6.66,3831,Cash
160,12-09-2024,6.04.00 AM,Midtown,250,Mocha,Coffee,2.51,4,10.04,3721,Card
161,25-12-2024,10.00.00 AM,Midtown,184,Americano,Coffee,6.09,2,12.18,2532,Card
162,25-05-2024,7.44.00 PM,Uptown,246,Americano,Coffee,6.16,1,6.16,9429,Cash
163,12-05-2024,2.57.00 PM,Uptown,723,Espresso,Beverage,5.07,2,10.14,6253,Card
164,09-02-2024,9.24.00 AM,Uptown,480,Espresso,Beverage,3.31,1,3.31,2996,Mobile
165,28-03-2024,5.13.00 PM,Downtown,647,Mocha,Coffee,2.92,4,11.68,6311,Card
167,24-04-2024,9.57.00 PM,Downtown,799,Latte,Beverage,3.33,3,9.99,4089,Mobile
168,28-06-2024,2.14.00 PM,Downtown,181,Espresso,Coffee,6.95,2,13.9,1523,Mobile
170,01-01-2024,6.40.00 PM,Uptown,996,Americano,Coffee,4.27,4,17.08,6365,Card
171,20-08-2024,4.35.00 PM,Uptown,914,Americano,Beverage,3.03,3,9.09,4122,Cash
172,07-12-2024,9.02.00 AM,Midtown,808,Latte,Coffee,3.61,2,7.22,9167,Mobile
173,29-08-2024,9.20.00 PM,Uptown,622,Mocha,Beverage,5.1,4,20.4,6190,Cash
174,29-11-2024,10.05.00 AM,Midtown,845,Americano,Coffee,5.54,1,5.54,5575,Card
177,03-02-2024,6.35.00 PM,Uptown,570,Mocha,Coffee,4.46,4,17.84,3131,Cash
178,20-10-2024,4.09.00 PM,Downtown,218,Latte,Beverage,3.67,2,7.34,8322,Cash
179,09-05-2024,3.45.00 PM,Downtown,495,Espresso,Beverage,3.6,2,7.2,7500,Cash
180,17-06-2024,9.43.00 AM,Downtown,631,Mocha,Beverage,7.3,4,29.2,1815,Cash
181,06-08-2024,9.49.00 PM,Midtown,360,missing,Beverage,5.58,3,16.74,9634,Mobile
182,18-05-2024,10.55.00 AM,Uptown,904,Cappuccino,Beverage,5.28,2,10.56,7666,Cash
184,10-08-2024,3.22.00 PM,Downtown,833,Espresso,Coffee,4.64,1,4.64,2410,Cash
185,26-04-2024,9.24.00 AM,Downtown,325,Espresso,Beverage,5.2,3,15.6,1534,Card
186,20-02-2024,1.28.00 PM,Midtown,152,Cappuccino,Coffee,5.98,1,5.98,4364,Card
187,19-06-2024,10.14.00 AM,Midtown,966,Cappuccino,Coffee,6.01,1,6.01,2032,Cash
189,30-12-2024,7.06.00 AM,Midtown,605,missing,Coffee,5,3,15,7085,Mobile
190,22-12-2024,10.05.00 AM,Downtown,953,Americano,Beverage,4.56,4,18.24,5500,Cash
191,17-05-2024,4.31.00 PM,Uptown,463,Latte,Beverage,6.85,3,20.55,2172,Mobile
193,18-06-2024,8.38.00 AM,Downtown,692,Cappuccino,Coffee,5.16,3,15.48,9007,Card
195,07-12-2024,5.51.00 PM,Uptown,257,Mocha,Beverage,5.53,4,22.12,1471,Card
196,26-04-2024,6.12.00 PM,Midtown,731,missing,Coffee,3.09,4,12.36,3940,Card
197,06-12-2024,6.22.00 PM,Midtown,158,Latte,Coffee,4.19,3,12.57,9738,Cash
199,09-12-2024,12.07.00 PM,Downtown,227,missing,Coffee,5.96,1,5.96,8670,Card
200,30-11-2024,10.28.00 AM,Downtown,835,Latte,Beverage,3.53,1,3.53,4723,Cash
203,03-06-2024,10.03.00 PM,Uptown,214,Cappuccino,Beverage,3.52,2,7.04,1545,Card
206,04-11-2024,10.26.00 PM,Uptown,620,Americano,Beverage,2.59,3,7.77,2936,Mobile
207,23-11-2024,10.58.00 AM,Midtown,651,Espresso,Beverage,6.46,1,6.46,1882,Card
208,24-10-2024,6.16.00 AM,Downtown,336,Mocha,Beverage,2.85,2,5.7,4840,Mobile
209,07-04-2024,9.11.00 PM,Downtown,380,Cappuccino,Beverage,4.87,1,4.87,7923,Cash
210,20-03-2024,9.59.00 PM,Downtown,458,Latte,Beverage,5.3,4,21.2,5611,Card
211,08-08-2024,8.16.00 AM,Downtown,300,Cappuccino,Beverage,5.64,3,16.92,6204,Cash
212,26-09-2024,12.42.00 PM,Midtown,857,Latte,Beverage,5.94,2,11.88,8288,Card
213,24-03-2024,3.02.00 PM,Downtown,377,Cappuccino,Beverage,3.77,3,11.31,4203,Card
214,01-09-2024,2.51.00 PM,Uptown,334,Latte,Beverage,2.55,3,7.65,3244,Cash
216,07-01-2024,1.37.00 PM,Uptown,103,Latte,Beverage,5.18,3,15.54,1641,Mobile
217,28-07-2024,10.41.00 AM,Midtown,765,Latte,Coffee,6.68,3,20.04,4083,Card
218,17-04-2024,5.52.00 PM,Downtown,541,Espresso,Coffee,6.61,1,6.61,6200,Cash
220,16-02-2024,5.46.00 PM,Downtown,208,Espresso,Beverage,4.93,3,14.79,1865,Card
221,18-06-2024,11.42.00 AM,Midtown,709,Mocha,Coffee,4.17,3,12.51,1773,Mobile
226,28-03-2024,9.01.00 PM,Uptown,245,Americano,Beverage,6.91,3,20.73,3567,Card
227,18-03-2024,12.49.00 PM,Midtown,227,Cappuccino,Beverage,4.83,3,14.49,2674,Mobile
228,23-06-2024,12.30.00 PM,Midtown,952,Cappuccino,Coffee,2.88,2,5.76,1739,Cash
229,24-06-2024,12.53.00 PM,Midtown,141,Espresso,Coffee,4.44,4,17.76,2545,Cash
230,17-08-2024,11.48.00 AM,Midtown,455,missing,Beverage,6.52,3,19.56,6127,Card
231,02-04-2024,10.28.00 PM,Downtown,140,Mocha,Coffee,7.01,2,14.02,7947,Mobile
232,26-07-2024,3.08.00 PM,Midtown,133,Mocha,Coffee,3.52,1,3.52,7620,Cash
233,28-01-2024,2.21.00 PM,Uptown,116,Latte,Coffee,2.83,1,2.83,5555,Cash
234,31-10-2024,1.33.00 PM,Downtown,776,Mocha,Coffee,6.89,3,20.67,6645,Card
236,17-12-2024,8.50.00 PM,Uptown,477,Americano,Coffee,5.21,4,20.84,8124,Cash
239,25-09-2024,8.29.00 PM,Midtown,728,Mocha,Coffee,5.74,2,11.48,9669,Cash
240,13-01-2024,7.28.00 AM,Downtown,973,Americano,Coffee,2.87,4,11.48,7998,Cash
241,26-01-2024,4.20.00 PM,Downtown,441,Americano,Coffee,4.38,3,13.14,6413,Card
242,23-07-2024,5.38.00 PM,Midtown,126,Americano,Coffee,6.52,4,26.08,2269,Mobile
243,10-10-2024,2.58.00 PM,Uptown,924,Mocha,Coffee,4.67,3,14.01,8868,Card
244,17-08-2024,4.48.00 PM,Downtown,386,Americano,Coffee,7.49,1,7.49,3603,Mobile
245,27-02-2024,9.34.00 PM,Midtown,745,Latte,Coffee,5.3,3,15.9,6961,Cash
246,09-12-2024,7.50.00 PM,Midtown,830,Mocha,Coffee,4.11,1,4.11,9569,Mobile
248,05-01-2024,10.57.00 PM,Uptown,709,Mocha,Coffee,4.25,3,12.75,2680,Cash
249,13-10-2024,9.20.00 PM,Midtown,367,Cappuccino,Coffee,4.36,4,17.44,9433,Card
250,30-09-2024,4.59.00 PM,Midtown,848,missing,Coffee,2.84,1,2.84,6682,Cash
251,09-09-2024,10.15.00 PM,Midtown,920,Americano,Coffee,4.35,3,13.05,9084,Card
252,30-07-2024,5.51.00 PM,Midtown,554,Cappuccino,Beverage,4.82,4,19.28,6367,Mobile
253,08-08-2024,10.53.00 AM,Downtown,784,Cappuccino,Beverage,6.11,1,6.11,1069,Mobile
254,15-04-2024,9.19.00 AM,Downtown,500,Mocha,Beverage,5.78,4,23.12,4924,Cash
256,13-07-2024,2.13.00 PM,Uptown,801,Latte,Beverage,2.54,1,2.54,3007,Cash
257,20-01-2024,10.14.00 AM,Downtown,733,Latte,Beverage,3.59,1,3.59,9992,Card
258,17-06-2024,9.40.00 AM,Midtown,657,Espresso,Beverage,5.81,1,5.81,9119,Card
259,25-03-2024,8.58.00 AM,Downtown,675,Latte,Beverage,4.92,3,14.76,3779,Card
261,12-07-2024,7.32.00 PM,Uptown,921,Latte,Beverage,6.52,3,19.56,1755,Card
262,01-09-2024,9.03.00 PM,Midtown,462,missing,Beverage,6.36,2,12.72,7495,Mobile
264,02-07-2024,7.08.00 AM,Uptown,918,Cappuccino,Beverage,2.83,1,2.83,3330,Mobile
265,28-06-2024,2.58.00 PM,Uptown,792,Espresso,Beverage,6.33,2,12.66,6705,Mobile
266,26-02-2024,3.24.00 PM,Midtown,391,missing,Beverage,5.42,4,21.68,9301,Mobile
267,04-06-2024,3.24.00 PM,Midtown,470,Mocha,Beverage,6.41,1,6.41,2016,Cash
268,11-12-2024,4.17.00 PM,Uptown,893,Espresso,Coffee,6.26,1,6.26,8347,Card
270,27-04-2024,2.48.00 PM,Downtown,248,Cappuccino,Coffee,5.09,1,5.09,5938,Card
271,08-09-2024,5.02.00 PM,Uptown,878,Americano,Beverage,3.2,2,6.4,3838,Card
272,14-04-2024,12.04.00 PM,Downtown,395,Espresso,Beverage,5.86,3,17.58,1737,Cash
273,01-01-2024,6.16.00 AM,Uptown,110,Americano,Coffee,5.6,4,22.4,7200,Mobile
274,14-05-2024,2.20.00 PM,Downtown,611,Americano,Beverage,6.21,2,12.42,9371,Card
275,16-04-2024,9.03.00 PM,Downtown,775,Espresso,Coffee,3.35,4,13.4,1231,Mobile
277,10-07-2024,12.31.00 PM,Midtown,286,Americano,Coffee,6.95,1,6.95,9534,Mobile
278,04-12-2024,8.14.00 PM,Downtown,906,Americano,Beverage,6.25,1,6.25,6918,Card
279,29-11-2024,1.12.00 PM,Downtown,843,Mocha,Beverage,7.04,2,14.08,3623,Card
281,13-05-2024,10.02.00 AM,Midtown,409,Americano,Coffee,5.49,1,5.49,7401,Cash
282,23-10-2024,10.10.00 AM,Midtown,197,Americano,Coffee,5.77,1,5.77,8072,Card
283,05-12-2024,7.58.00 PM,Uptown,154,Latte,Beverage,6.95,4,27.8,3276,Cash
284,15-03-2024,6.57.00 AM,Downtown,722,Mocha,Beverage,5.39,2,10.78,8393,Mobile
285,08-03-2024,3.21.00 PM,Midtown,763,Americano,Beverage,5.66,2,11.32,9787,Card
286,07-02-2024,1.09.00 PM,Downtown,857,Mocha,Beverage,3.28,4,13.12,4874,Card
287,28-05-2024,7.01.00 PM,Uptown,505,Cappuccino,Beverage,4.87,2,9.74,5530,Card
288,01-10-2024,6.04.00 PM,Uptown,168,Cappuccino,Coffee,6.08,1,6.08,8164,Mobile
291,27-09-2024,6.34.00 AM,Downtown,861,Mocha,Beverage,4.07,3,12.21,3135,Mobile
292,18-04-2024,11.47.00 AM,Midtown,647,Mocha,Coffee,3.71,3,11.13,7727,Mobile
293,03-01-2024,9.34.00 PM,Downtown,850,Latte,Coffee,3.57,2,7.14,2565,Mobile
295,02-11-2024,1.18.00 PM,Uptown,566,Mocha,Coffee,7.04,1,7.04,9534,Mobile
296,14-04-2024,2.59.00 PM,Uptown,838,Mocha,Coffee,5.04,3,15.12,9627,Cash
297,30-03-2024,5.58.00 PM,Uptown,343,Latte,Beverage,3.44,1,3.44,9368,Mobile
300,13-03-2024,10.13.00 PM,Midtown,606,Espresso,Beverage,4.41,1,4.41,4257,Mobile
301,08-01-2024,9.21.00 AM,Downtown,464,Mocha,Beverage,6.61,3,19.83,4235,Mobile
302,17-02-2024,7.24.00 AM,Downtown,581,Mocha,Beverage,5.8,2,11.6,1942,Mobile
303,12-08-2024,9.13.00 PM,Downtown,300,missing,Beverage,6.48,4,25.92,5620,Mobile
304,14-09-2024,9.20.00 PM,Downtown,253,Latte,Coffee,3.86,2,7.72,6720,Cash
305,13-10-2024,1.12.00 PM,Uptown,549,Mocha,Coffee,5.96,3,17.88,7353,Cash
306,16-06-2024,7.00.00 PM,Downtown,600,Mocha,Beverage,3.82,4,15.28,5957,Mobile
307,15-11-2024,10.25.00 PM,Midtown,172,Mocha,Beverage,7.2,3,21.6,4381,Cash
308,12-05-2024,6.48.00 PM,Midtown,812,Latte,Beverage,5.68,1,5.68,6839,Card
309,13-03-2024,6.54.00 PM,Downtown,395,Mocha,Coffee,4.12,4,16.48,3880,Mobile
310,09-02-2024,11.20.00 AM,Downtown,116,Mocha,Beverage,3.85,3,11.55,5887,Card
316,27-08-2024,1.03.00 PM,Uptown,124,Cappuccino,Beverage,5.81,4,23.24,6378,Mobile
317,02-08-2024,10.12.00 PM,Uptown,138,Mocha,Coffee,6.57,4,26.28,7233,Mobile
318,11-08-2024,6.38.00 AM,Uptown,902,Americano,Coffee,6.39,4,25.56,3663,Card
319,23-04-2024,6.05.00 PM,Uptown,230,Mocha,Coffee,6.3,4,25.2,4326,Mobile
320,12-04-2024,3.15.00 PM,Downtown,597,Latte,Coffee,3.44,1,3.44,4659,Mobile
321,09-11-2024,9.31.00 AM,Midtown,328,Americano,Coffee,2.94,4,11.76,2131,Card
323,17-09-2024,6.45.00 PM,Midtown,271,Americano,Coffee,4.34,1,4.34,7737,Cash
324,15-09-2024,10.17.00 AM,Midtown,534,Americano,Beverage,4.66,2,9.32,6092,Mobile
325,13-12-2024,6.55.00 AM,Uptown,577,Latte,Beverage,2.66,4,10.64,7022,Cash
328,25-08-2024,10.24.00 PM,Downtown,623,Mocha,Beverage,6.9,4,27.6,8318,Card
329,13-08-2024,5.04.00 PM,Midtown,374,Americano,Coffee,3.72,2,7.44,9445,Card
330,07-11-2024,3.55.00 PM,Downtown,712,Mocha,Coffee,5.29,4,21.16,6307,Card
331,06-06-2024,2.21.00 PM,Downtown,143,Latte,Coffee,2.69,4,10.76,9520,Card
332,09-03-2024,6.41.00 PM,Downtown,916,Mocha,Coffee,5.83,4,23.32,4044,Card
333,03-07-2024,5.32.00 PM,Midtown,116,Latte,Coffee,4.12,3,12.36,6636,Mobile
334,17-06-2024,11.19.00 AM,Midtown,429,Mocha,Beverage,6.99,2,13.98,3892,Cash
335,18-10-2024,7.19.00 PM,Downtown,668,Espresso,Beverage,6.94,1,6.94,6288,Mobile
336,21-07-2024,10.11.00 AM,Downtown,922,Espresso,Beverage,4.13,1,4.13,6812,Mobile
339,03-11-2024,7.54.00 PM,Uptown,111,Espresso,Coffee,6.63,4,26.52,1759,Cash
340,02-07-2024,10.50.00 AM,Downtown,417,Espresso,Coffee,6.72,2,13.44,7782,Mobile
341,17-11-2024,6.50.00 AM,Uptown,691,Latte,Beverage,3.75,2,7.5,2798,Card
342,02-04-2024,7.33.00 AM,Midtown,315,Americano,Coffee,5.38,3,16.14,6159,Mobile
343,14-06-2024,9.53.00 AM,Downtown,438,missing,Beverage,2.84,2,5.68,9446,Mobile
344,02-04-2024,9.56.00 AM,Downtown,875,Espresso,Coffee,2.97,2,5.94,6262,Cash
346,05-05-2024,12.32.00 PM,Downtown,180,Latte,Beverage,4.13,3,12.39,2876,Card
347,21-03-2024,8.55.00 AM,Uptown,826,missing,Coffee,6.24,1,6.24,7154,Mobile
349,22-10-2024,10.54.00 PM,Midtown,473,Mocha,Beverage,6.79,3,20.37,5516,Mobile
350,10-06-2024,9.57.00 PM,Midtown,809,Americano,Coffee,7.49,3,22.47,4734,Card
352,28-07-2024,8.19.00 AM,Midtown,636,Latte,Coffee,2.7,3,8.1,7639,Card
355,13-12-2024,6.07.00 AM,Midtown,367,Espresso,Coffee,2.61,3,7.83,2008,Cash
356,22-04-2024,9.27.00 PM,Downtown,754,Americano,Coffee,4.3,1,4.3,5314,Card
357,14-12-2024,12.33.00 PM,Midtown,670,Mocha,Coffee,6.42,3,19.26,3508,Cash
358,11-03-2024,3.17.00 PM,Uptown,588,Cappuccino,Coffee,5.33,3,15.99,5758,Cash
359,01-03-2024,2.41.00 PM,Downtown,976,missing,Coffee,4.06,3,12.18,3682,Mobile
360,02-01-2024,12.39.00 PM,Uptown,637,Americano,Beverage,5.77,3,17.31,8311,Mobile
361,09-11-2024,3.59.00 PM,Midtown,146,Espresso,Beverage,3.66,3,10.98,1989,Cash
362,30-07-2024,8.50.00 PM,Uptown,387,Mocha,Coffee,2.57,1,2.57,9446,Cash
365,06-03-2024,10.56.00 AM,Uptown,810,Cappuccino,Coffee,6.31,2,12.62,7964,Cash
367,31-01-2024,8.00.00 AM,Midtown,893,Mocha,Beverage,6.69,1,6.69,5452,Cash
368,09-06-2024,8.29.00 PM,Uptown,185,Cappuccino,Coffee,5.6,4,22.4,9447,Cash
369,16-11-2024,10.38.00 AM,Midtown,349,Cappuccino,Coffee,5.32,4,21.28,2007,Mobile
371,06-12-2024,5.12.00 PM,Midtown,881,missing,Coffee,6.82,1,6.82,8688,Card
372,19-04-2024,2.10.00 PM,Midtown,434,Americano,Coffee,5.43,3,16.29,4908,Card
373,03-12-2024,2.45.00 PM,Uptown,728,Mocha,Beverage,5.4,3,16.2,3803,Card
375,29-01-2024,3.17.00 PM,Uptown,236,Americano,Beverage,6.28,2,12.56,1098,Mobile
376,14-11-2024,10.40.00 PM,Downtown,982,Cappuccino,Coffee,4.71,3,14.13,9388,Cash
377,29-09-2024,1.45.00 PM,Downtown,787,Americano,Coffee,6.04,4,24.16,1877,Card
379,07-01-2024,10.57.00 AM,Midtown,597,Cappuccino,Beverage,3.64,3,10.92,3665,Mobile
380,22-09-2024,8.44.00 AM,Uptown,926,Americano,Coffee,5.48,2,10.96,2388,Mobile
381,19-10-2024,10.01.00 AM,Midtown,826,Cappuccino,Beverage,7.14,4,28.56,3415,Cash
382,21-07-2024,12.28.00 PM,Downtown,576,Cappuccino,Beverage,7.15,3,21.45,9761,Cash
383,11-05-2024,8.06.00 PM,Uptown,693,Latte,Coffee,4.21,4,16.84,3637,Mobile
385,08-06-2024,8.44.00 PM,Uptown,471,Mocha,Coffee,3.56,4,14.24,9613,Card
386,18-04-2024,10.20.00 AM,Midtown,501,Latte,Beverage,7.48,3,22.44,3883,Card
387,03-12-2024,2.38.00 PM,Uptown,542,Americano,Beverage,7.41,1,7.41,2204,Cash
388,30-07-2024,7.19.00 AM,Downtown,589,Espresso,Beverage,5.75,3,17.25,1544,Card
389,27-01-2024,8.36.00 PM,Downtown,714,Espresso,Beverage,6.52,4,26.08,2223,Card
390,04-06-2024,1.28.00 PM,Uptown,372,Espresso,Coffee,6.08,3,18.24,4172,Mobile
392,19-02-2024,11.46.00 AM,Downtown,258,Latte,Coffee,2.77,1,2.77,7450,Mobile
393,08-09-2024,6.48.00 AM,Downtown,251,Cappuccino,Beverage,4.77,2,9.54,7520,Card
395,25-12-2024,1.59.00 PM,Uptown,287,Americano,Coffee,5.89,1,5.89,7821,Card
396,19-09-2024,6.15.00 AM,Uptown,912,Americano,Coffee,4.37,2,8.74,3446,Card
397,13-08-2024,4.20.00 PM,Midtown,197,Espresso,Beverage,7.21,3,21.63,6892,Mobile
398,28-07-2024,10.40.00 PM,Midtown,230,Espresso,Coffee,3.34,2,6.68,9412,Mobile
400,03-11-2024,5.17.00 PM,Uptown,270,Latte,Beverage,5.95,3,17.85,5277,Card
402,22-06-2024,10.34.00 PM,Midtown,463,Latte,Beverage,5.74,4,22.96,3569,Cash
403,27-09-2024,3.31.00 PM,Midtown,138,Mocha,Beverage,3.88,2,7.76,6515,Card
404,18-02-2024,3.09.00 PM,Uptown,626,Americano,Coffee,3.28,1,3.28,4985,Cash
406,19-03-2024,10.32.00 PM,Downtown,596,Cappuccino,Beverage,5.5,3,16.5,8448,Mobile
407,13-09-2024,10.36.00 PM,Uptown,615,Latte,Coffee,3.4,4,13.6,5310,Mobile
408,18-06-2024,10.15.00 AM,Midtown,448,Mocha,Beverage,6.03,2,12.06,4019,Cash
409,28-07-2024,4.17.00 PM,Uptown,496,Mocha,Beverage,4.78,2,9.56,4681,Card
410,16-09-2024,8.05.00 AM,Downtown,821,Americano,Beverage,5.84,4,23.36,5196,Mobile
412,13-05-2024,3.10.00 PM,Uptown,115,Cappuccino,Beverage,3.35,4,13.4,5753,Card
413,01-07-2024,12.42.00 PM,Uptown,592,Latte,Coffee,2.6,3,7.8,8082,Mobile
414,12-04-2024,3.44.00 PM,Uptown,525,Espresso,Coffee,6.4,4,25.6,5002,Cash
415,21-08-2024,6.51.00 PM,Downtown,207,Latte,Coffee,5.55,1,5.55,6629,Card
416,14-07-2024,8.24.00 AM,Uptown,993,Espresso,Coffee,6,2,12,9417,Mobile
418,16-02-2024,8.57.00 AM,Midtown,410,Cappuccino,Coffee,6.51,4,26.04,2997,Card
419,19-05-2024,2.29.00 PM,Uptown,838,Americano,Beverage,7.3,3,21.9,9963,Card
421,19-08-2024,5.07.00 PM,Downtown,645,Espresso,Coffee,4.94,2,9.88,5524,Card
422,07-01-2024,5.30.00 PM,Downtown,513,missing,Beverage,4.51,1,4.51,9625,Cash
424,16-02-2024,8.36.00 PM,Downtown,858,Americano,Coffee,5.36,4,21.44,7731,Mobile
426,07-09-2024,8.36.00 AM,Uptown,240,Americano,Beverage,7.11,1,7.11,3793,Cash
429,08-10-2024,9.15.00 PM,Midtown,707,Mocha,Coffee,4.27,2,8.54,8952,Card
430,02-09-2024,5.56.00 PM,Midtown,838,Cappuccino,Beverage,2.76,3,8.28,3415,Mobile
431,04-12-2024,11.48.00 AM,Midtown,990,Latte,Beverage,2.66,3,7.98,1250,Mobile
432,22-01-2024,4.17.00 PM,Downtown,138,Espresso,Beverage,4.62,4,18.48,5951,Mobile
433,24-12-2024,8.56.00 PM,Uptown,913,Americano,Beverage,2.92,3,8.76,9098,Card
434,30-07-2024,3.01.00 PM,Uptown,128,Espresso,Coffee,5.53,3,16.59,6289,Cash
435,11-06-2024,9.57.00 AM,Uptown,576,Latte,Beverage,6.9,3,20.7,9102,Cash
437,31-08-2024,7.42.00 PM,Downtown,344,missing,Beverage,5.8,4,23.2,6565,Mobile
438,05-08-2024,6.08.00 PM,Midtown,847,Mocha,Coffee,3.56,2,7.12,7437,Mobile
439,10-12-2024,5.57.00 PM,Midtown,796,Americano,Coffee,6.81,1,6.81,2173,Mobile
440,28-05-2024,9.03.00 AM,Uptown,371,Cappuccino,Coffee,6.93,3,20.79,9624,Card
441,11-05-2024,9.25.00 AM,Midtown,539,Cappuccino,Coffee,3.48,2,6.96,1835,Mobile
442,29-01-2024,3.55.00 PM,Uptown,847,Espresso,Coffee,6.19,3,18.57,3262,Mobile
443,22-07-2024,5.06.00 PM,Downtown,338,Americano,Beverage,3.93,3,11.79,5567,Card
445,25-04-2024,5.28.00 PM,Downtown,365,Mocha,Beverage,7.49,1,7.49,1246,Card
446,09-06-2024,9.04.00 PM,Uptown,458,Latte,Coffee,2.65,1,2.65,3429,Card
447,28-01-2024,2.08.00 PM,Midtown,439,missing,Beverage,6.99,3,20.97,6287,Card
448,11-08-2024,6.47.00 AM,Midtown,488,Mocha,Coffee,5.61,3,16.83,3607,Card
449,01-03-2024,9.17.00 AM,Downtown,676,Mocha,Coffee,7.37,3,22.11,6930,Cash
452,21-02-2024,10.47.00 AM,Uptown,528,Latte,Coffee,2.81,2,5.62,7617,Cash
453,15-08-2024,8.24.00 AM,Uptown,241,Cappuccino,Coffee,4.18,4,16.72,4151,Mobile
454,22-08-2024,10.49.00 PM,Downtown,475,Americano,Beverage,2.84,3,8.52,6580,Mobile
455,03-08-2024,11.09.00 AM,Midtown,769,Mocha,Beverage,7.38,3,22.14,8054,Mobile
456,04-01-2024,12.04.00 PM,Uptown,423,Cappuccino,Beverage,6.58,4,26.32,8706,Card
457,05-05-2024,9.28.00 AM,Uptown,245,Mocha,Beverage,6.76,3,20.28,8619,Card
459,17-04-2024,7.16.00 PM,Downtown,764,Espresso,Beverage,2.93,3,8.79,4491,Mobile
460,04-11-2024,1.52.00 PM,Downtown,531,Cappuccino,Beverage,4.43,2,8.86,1706,Mobile
461,22-12-2024,6.23.00 AM,Downtown,804,Cappuccino,Beverage,2.86,4,11.44,7997,Mobile
462,11-11-2024,5.31.00 PM,Downtown,684,Mocha,Coffee,3.55,4,14.2,6233,Mobile
463,26-05-2024,2.22.00 PM,Downtown,498,Americano,Coffee,3.65,3,10.95,9945,Mobile
464,22-01-2024,9.09.00 PM,Midtown,916,Espresso,Coffee,4.85,2,9.7,6755,Cash
465,29-10-2024,11.35.00 AM,Midtown,988,Mocha,Coffee,3.84,3,11.52,7960,Mobile
466,03-09-2024,7.57.00 AM,Downtown,443,Latte,Beverage,3,1,3,9779,Card
467,03-04-2024,10.11.00 PM,Uptown,239,Latte,Coffee,3.34,1,3.34,2334,Card
470,03-07-2024,10.40.00 PM,Midtown,160,Mocha,Beverage,6.3,3,18.9,7851,Card
472,05-06-2024,5.13.00 PM,Midtown,809,Espresso,Coffee,4.7,2,9.4,8865,Mobile
473,20-10-2024,8.19.00 PM,Downtown,906,Americano,Coffee,3.89,4,15.56,4317,Card
474,08-06-2024,6.38.00 PM,Uptown,539,Cappuccino,Coffee,6.49,4,25.96,7811,Cash
476,04-10-2024,7.15.00 AM,Downtown,401,Latte,Beverage,4,1,4,8060,Card
477,17-06-2024,1.53.00 PM,Uptown,443,Cappuccino,Beverage,3.66,1,3.66,4057,Cash
479,19-01-2024,10.44.00 PM,Midtown,161,Latte,Beverage,3.78,4,15.12,1402,Cash
480,19-04-2024,5.29.00 PM,Downtown,944,Mocha,Coffee,4.28,1,4.28,9605,Mobile
481,17-12-2024,5.28.00 PM,Uptown,325,Cappuccino,Beverage,5.87,2,11.74,9236,Mobile
482,17-08-2024,10.12.00 PM,Uptown,252,Cappuccino,Coffee,2.81,1,2.81,7349,Mobile
483,24-06-2024,9.47.00 AM,Uptown,810,Latte,Beverage,3.55,4,14.2,5157,Mobile
484,07-08-2024,10.44.00 PM,Downtown,663,Espresso,Beverage,6.55,1,6.55,1867,Mobile
485,17-06-2024,6.52.00 AM,Uptown,871,Mocha,Coffee,3.23,4,12.92,9210,Card
486,14-10-2024,11.25.00 AM,Uptown,670,Espresso,Coffee,4.21,1,4.21,1364,Mobile
488,13-04-2024,7.12.00 PM,Midtown,759,Americano,Beverage,3.27,1,3.27,7571,Mobile
489,21-06-2024,3.53.00 PM,Downtown,960,Latte,Beverage,2.91,2,5.82,1579,Mobile
490,26-11-2024,6.15.00 PM,Uptown,674,Latte,Beverage,4.92,2,9.84,8674,Cash
491,24-04-2024,4.42.00 PM,Uptown,409,Latte,Coffee,4.01,1,4.01,9737,Mobile
492,26-07-2024,8.33.00 PM,Downtown,984,Americano,Beverage,5.32,2,10.64,7468,Mobile
493,22-10-2024,10.39.00 PM,Midtown,342,Espresso,Coffee,6.52,3,19.56,5150,Card
494,04-01-2024,8.51.00 PM,Uptown,592,Espresso,Beverage,3.19,1,3.19,4039,Cash
496,31-07-2024,12.56.00 PM,Uptown,429,Mocha,Coffee,5.03,2,10.06,1452,Mobile
497,12-08-2024,4.20.00 PM,Downtown,206,missing,Beverage,3.22,2,6.44,7537,Card
498,13-10-2024,7.39.00 AM,Uptown,325,Americano,Coffee,5.62,1,5.62,2381,Card
500,18-09-2024,5.34.00 PM,Uptown,317,Cappuccino,Coffee,4.94,2,9.88,2467,Cash
501,22-09-2024,11.12.00 AM,Uptown,852,missing,Beverage,2.91,2,5.82,3738,Cash
502,29-09-2024,5.04.00 PM,Midtown,605,Mocha,Coffee,4.8,4,19.2,8572,Card
504,25-09-2024,12.33.00 PM,Downtown,987,Americano,Beverage,6.61,3,19.83,1880,Card
505,06-05-2024,5.49.00 PM,Downtown,873,Mocha,Coffee,2.78,1,2.78,4149,Card
506,25-09-2024,2.33.00 PM,Downtown,616,Americano,Coffee,4.59,3,13.77,9276,Card
507,10-07-2024,7.16.00 PM,Midtown,872,Americano,Coffee,4.79,1,4.79,8892,Mobile
508,08-06-2024,12.17.00 PM,Uptown,153,Latte,Coffee,6.13,4,24.52,5144,Mobile
510,09-10-2024,4.17.00 PM,Midtown,826,Latte,Coffee,5.84,2,11.68,4129,Mobile
512,23-10-2024,11.06.00 AM,Midtown,620,Mocha,Coffee,6.81,1,6.81,3526,Card
513,11-04-2024,8.27.00 AM,Downtown,198,Mocha,Beverage,4.07,4,16.28,4516,Cash
515,08-02-2024,1.32.00 PM,Downtown,989,Americano,Beverage,6.7,4,26.8,8338,Card
516,08-02-2024,4.35.00 PM,Midtown,852,missing,Beverage,7.45,1,7.45,4555,Cash
518,27-04-2024,8.57.00 AM,Downtown,990,Mocha,Coffee,4.36,2,8.72,7752,Card
519,26-07-2024,6.07.00 PM,Midtown,589,Americano,Beverage,3.48,1,3.48,1445,Card
520,08-08-2024,6.39.00 PM,Downtown,518,Espresso,Coffee,4.95,4,19.8,7364,Mobile
521,25-07-2024,6.19.00 PM,Downtown,789,Americano,Coffee,6.21,1,6.21,4626,Cash
522,14-02-2024,6.10.00 AM,Uptown,949,Mocha,Beverage,4.96,1,4.96,5016,Card
523,10-11-2024,1.40.00 PM,Midtown,161,Cappuccino,Coffee,4.92,1,4.92,4875,Cash
524,05-05-2024,8.31.00 AM,Downtown,244,Mocha,Coffee,6.69,4,26.76,6497,Mobile
525,08-01-2024,8.57.00 AM,Downtown,315,missing,Coffee,4.31,2,8.62,7238,Card
526,01-10-2024,12.20.00 PM,Midtown,102,Americano,Beverage,6.8,3,20.4,1261,Mobile
527,12-07-2024,6.54.00 PM,Uptown,259,Americano,Coffee,4.53,2,9.06,5992,Cash
528,16-11-2024,2.35.00 PM,Uptown,838,Latte,Beverage,4.14,1,4.14,5025,Mobile
529,14-03-2024,11.03.00 AM,Downtown,880,Latte,Coffee,4.77,4,19.08,9283,Mobile
530,10-09-2024,7.57.00 PM,Midtown,219,Cappuccino,Coffee,6.31,2,12.62,5222,Cash
532,16-10-2024,6.12.00 AM,Midtown,188,missing,Beverage,3.48,3,10.44,4443,Cash
534,10-11-2024,6.50.00 AM,Downtown,679,Espresso,Coffee,3.38,3,10.14,1693,Cash
535,19-09-2024,8.39.00 PM,Uptown,456,Cappuccino,Beverage,5.34,1,5.34,9347,Cash
536,20-08-2024,10.51.00 AM,Downtown,709,Mocha,Coffee,5.4,4,21.6,2812,Card
537,29-09-2024,1.39.00 PM,Uptown,366,Americano,Beverage,4.95,2,9.9,6724,Cash
539,01-09-2024,6.43.00 AM,Uptown,422,Mocha,Coffee,3.65,1,3.65,9032,Card
541,10-06-2024,9.58.00 PM,Uptown,640,Cappuccino,Coffee,4.36,2,8.72,4497,Mobile
542,25-12-2024,10.09.00 AM,Midtown,748,missing,Coffee,5.81,3,17.43,5372,Mobile
543,07-11-2024,6.37.00 PM,Downtown,294,missing,Beverage,3.21,1,3.21,8394,Card
544,01-07-2024,7.03.00 AM,Midtown,837,Espresso,Beverage,5.35,2,10.7,1551,Mobile
545,04-08-2024,9.56.00 PM,Uptown,431,Espresso,Beverage,3.43,4,13.72,5332,Mobile
546,15-12-2024,10.50.00 AM,Downtown,269,missing,Coffee,3.89,4,15.56,1997,Cash
547,30-10-2024,7.16.00 PM,Uptown,620,Americano,Coffee,3.59,4,14.36,5076,Card
549,07-09-2024,3.12.00 PM,Midtown,139,Cappuccino,Coffee,6.63,2,13.26,6555,Cash
550,13-04-2024,1.23.00 PM,Downtown,636,Americano,Beverage,3.93,2,7.86,5052,Mobile
551,19-04-2024,10.36.00 PM,Downtown,360,Cappuccino,Beverage,7.14,1,7.14,6303,Card
552,21-12-2024,6.22.00 PM,Downtown,494,Cappuccino,Beverage,7.35,1,7.35,9118,Mobile
554,12-07-2024,2.51.00 PM,Downtown,223,Americano,Beverage,3.22,2,6.44,6490,Card
555,30-09-2024,2.23.00 PM,Uptown,137,missing,Coffee,4.37,1,4.37,9564,Card
556,14-10-2024,1.36.00 PM,Downtown,427,Espresso,Coffee,6.49,2,12.98,6616,Card
558,04-02-2024,3.12.00 PM,Midtown,275,Americano,Beverage,2.94,4,11.76,1848,Mobile
559,06-06-2024,1.01.00 PM,Downtown,701,Americano,Beverage,5.28,1,5.28,7354,Mobile
562,21-04-2024,12.04.00 PM,Downtown,415,Cappuccino,Coffee,3.38,3,10.14,9894,Card
563,27-07-2024,11.10.00 AM,Midtown,787,Espresso,Coffee,5.86,3,17.58,4625,Card
564,03-12-2024,7.48.00 AM,Midtown,895,Latte,Beverage,3.6,2,7.2,1314,Card
565,31-07-2024,5.31.00 PM,Uptown,692,Mocha,Beverage,3.59,2,7.18,3376,Cash
567,16-06-2024,7.03.00 PM,Downtown,139,Americano,Coffee,3.75,1,3.75,9449,Card
568,07-04-2024,9.03.00 AM,Midtown,400,Mocha,Coffee,3.82,4,15.28,1574,Mobile
569,01-08-2024,10.58.00 AM,Downtown,323,Latte,Coffee,2.5,2,5,6585,Mobile
570,30-01-2024,8.35.00 AM,Midtown,417,Latte,Beverage,6.85,4,27.4,6492,Cash
572,08-01-2024,6.32.00 AM,Midtown,214,Mocha,Coffee,5.64,4,22.56,3810,Mobile
573,04-04-2024,5.10.00 PM,Downtown,797,Cappuccino,Beverage,6.25,1,6.25,9134,Card
575,28-05-2024,9.11.00 AM,Downtown,667,Mocha,Beverage,4.79,3,14.37,8715,Cash
576,30-04-2024,8.49.00 PM,Downtown,139,Espresso,Coffee,4.26,3,12.78,7567,Cash
577,20-04-2024,8.43.00 AM,Uptown,965,Cappuccino,Beverage,2.97,4,11.88,4459,Cash
578,18-12-2024,10.11.00 PM,Downtown,139,Mocha,Coffee,4.93,3,14.79,7117,Cash
579,04-07-2024,7.47.00 PM,Uptown,958,Cappuccino,Coffee,7.1,4,28.4,4992,Cash
580,09-04-2024,8.02.00 AM,Downtown,848,Mocha,Coffee,2.7,1,2.7,8837,Cash
581,02-03-2024,7.54.00 AM,Midtown,388,Cappuccino,Coffee,3.96,1,3.96,1203,Cash
585,16-09-2024,7.01.00 PM,Downtown,435,Cappuccino,Beverage,4.84,1,4.84,9498,Card
587,28-06-2024,9.55.00 PM,Downtown,191,missing,Coffee,6.3,3,18.9,5109,Mobile
588,01-01-2024,7.07.00 PM,Midtown,452,Mocha,Coffee,3.27,3,9.81,2860,Cash
589,21-02-2024,9.53.00 PM,Uptown,670,Americano,Beverage,4.94,1,4.94,6176,Cash
590,26-10-2024,10.59.00 AM,Midtown,670,Espresso,Coffee,4.65,4,18.6,1722,Cash
591,18-09-2024,6.54.00 PM,Midtown,915,Mocha,Coffee,5.48,1,5.48,9971,Cash
594,31-01-2024,12.52.00 PM,Downtown,462,missing,Coffee,4.49,4,17.96,1343,Card
595,12-07-2024,7.08.00 PM,Downtown,656,Latte,Beverage,6.64,3,19.92,6398,Cash
596,19-11-2024,9.58.00 PM,Midtown,444,Americano,Beverage,3.35,2,6.7,9400,Cash
597,14-11-2024,5.26.00 PM,Downtown,792,Latte,Beverage,2.65,3,7.95,5736,Cash
598,01-11-2024,6.37.00 AM,Midtown,269,Cappuccino,Beverage,3.52,2,7.04,4406,Mobile
599,11-06-2024,11.28.00 AM,Downtown,455,Espresso,Beverage,4.2,1,4.2,1919,Mobile
600,05-09-2024,3.44.00 PM,Downtown,290,Espresso,Coffee,5.05,1,5.05,6819,Card
601,10-07-2024,10.15.00 AM,Midtown,766,Americano,Coffee,5.58,4,22.32,3044,Cash
603,19-05-2024,8.29.00 AM,Midtown,799,Americano,Coffee,5.05,1,5.05,2749,Cash
604,04-01-2024,3.54.00 PM,Downtown,106,Americano,Beverage,5.01,2,10.02,8378,Cash
605,15-09-2024,2.23.00 PM,Downtown,232,Americano,Beverage,2.75,1,2.75,2099,Mobile
606,16-09-2024,7.31.00 AM,Uptown,846,missing,Beverage,2.67,3,8.01,4392,Card
608,17-10-2024,12.47.00 PM,Midtown,925,Espresso,Beverage,4.69,4,18.76,7784,Mobile
609,25-02-2024,12.15.00 PM,Uptown,860,Americano,Coffee,6.7,3,20.1,2545,Cash
610,16-03-2024,2.38.00 PM,Midtown,130,Mocha,Beverage,3.3,4,13.2,2070,Card
611,14-03-2024,10.16.00 PM,Uptown,634,Americano,Beverage,2.62,3,7.86,7522,Card
612,11-02-2024,7.40.00 AM,Downtown,525,missing,Coffee,4.75,2,9.5,2850,Mobile
615,04-02-2024,3.38.00 PM,Downtown,462,Americano,Beverage,6.12,2,12.24,8194,Cash
616,31-08-2024,11.56.00 AM,Midtown,536,Latte,Coffee,3.06,1,3.06,6851,Card
617,12-11-2024,9.46.00 PM,Midtown,769,Latte,Beverage,5.54,3,16.62,7673,Mobile
618,22-04-2024,7.10.00 AM,Uptown,650,Espresso,Beverage,3.91,3,11.73,1678,Cash
619,19-01-2024,11.28.00 AM,Midtown,181,Mocha,Coffee,3.37,1,3.37,1988,Mobile
620,11-02-2024,3.34.00 PM,Downtown,455,Americano,Beverage,4.4,1,4.4,2502,Card
621,03-07-2024,2.40.00 PM,Uptown,357,Espresso,Coffee,6.51,2,13.02,2789,Mobile
622,16-08-2024,6.37.00 AM,Uptown,817,Mocha,Beverage,4.46,1,4.46,6281,Mobile
623,29-03-2024,8.29.00 AM,Downtown,688,Americano,Coffee,6.25,4,25,6027,Mobile
624,27-10-2024,9.54.00 AM,Downtown,623,Cappuccino,Beverage,3.13,4,12.52,2425,Card
625,17-01-2024,9.11.00 AM,Uptown,394,Americano,Coffee,6.36,1,6.36,7654,Cash
626,03-01-2024,8.39.00 PM,Midtown,323,Latte,Beverage,3.68,4,14.72,3440,Mobile
627,21-06-2024,6.00.00 PM,Uptown,624,Latte,Coffee,5.89,1,5.89,7856,Cash
628,06-04-2024,4.45.00 PM,Downtown,145,Cappuccino,Beverage,5.33,2,10.66,8367,Card
629,16-05-2024,8.27.00 AM,Uptown,766,Espresso,Beverage,7.15,4,28.6,3594,Cash
630,01-05-2024,3.32.00 PM,Downtown,212,Mocha,Beverage,4.44,4,17.76,5689,Mobile
633,07-01-2024,7.28.00 AM,Uptown,459,missing,Beverage,6.63,3,19.89,7310,Mobile
634,13-07-2024,4.55.00 PM,Uptown,322,Cappuccino,Beverage,5.12,2,10.24,4539,Mobile
635,26-03-2024,7.02.00 AM,Downtown,965,Latte,Beverage,6.38,2,12.76,4483,Mobile
636,09-11-2024,7.02.00 PM,Downtown,799,Cappuccino,Beverage,3.67,4,14.68,8371,Card
637,08-07-2024,8.20.00 AM,Downtown,547,Americano,Coffee,4.23,4,16.92,3241,Card
638,31-05-2024,6.55.00 AM,Uptown,955,Mocha,Coffee,2.65,3,7.95,7378,Card
639,21-02-2024,12.56.00 PM,Midtown,464,Latte,Beverage,7.31,3,21.93,3765,Cash
640,28-02-2024,4.47.00 PM,Downtown,774,Latte,Coffee,5.84,4,23.36,5911,Cash
641,06-05-2024,2.54.00 PM,Downtown,425,Americano,Beverage,7.17,4,28.68,1403,Card
642,01-04-2024,1.40.00 PM,Uptown,566,Espresso,Beverage,3.83,3,11.49,4382,Cash
644,22-09-2024,7.43.00 AM,Midtown,554,missing,Beverage,5.89,3,17.67,8630,Mobile
646,01-11-2024,1.00.00 PM,Downtown,332,Latte,Coffee,6.74,2,13.48,6816,Cash
647,06-07-2024,3.09.00 PM,Downtown,323,Mocha,Coffee,7.24,2,14.48,6470,Cash
648,23-11-2024,6.17.00 AM,Uptown,930,Cappuccino,Beverage,6.92,3,20.76,7276,Card
649,24-08-2024,9.13.00 AM,Midtown,511,Latte,Coffee,6.2,1,6.2,6739,Cash
650,19-05-2024,8.32.00 AM,Midtown,671,Mocha,Coffee,3.89,3,11.67,5273,Mobile
651,02-10-2024,9.38.00 PM,Downtown,434,Espresso,Beverage,3.91,3,11.73,7523,Cash
652,27-05-2024,2.19.00 PM,Uptown,321,Cappuccino,Coffee,7.32,1,7.32,6003,Card
657,19-11-2024,3.02.00 PM,Midtown,583,Espresso,Beverage,7.45,3,22.35,1317,Cash
658,10-08-2024,7.21.00 AM,Midtown,341,missing,Beverage,4.06,1,4.06,2502,Card
659,25-02-2024,9.09.00 AM,Uptown,423,Espresso,Beverage,4.2,1,4.2,7130,Cash
660,30-01-2024,6.46.00 PM,Midtown,830,Espresso,Coffee,2.89,2,5.78,8419,Cash
661,13-02-2024,8.33.00 AM,Downtown,291,Latte,Beverage,4.71,1,4.71,3042,Mobile
662,18-07-2024,7.31.00 AM,Downtown,116,Mocha,Beverage,3.81,1,3.81,5598,Card
663,09-09-2024,3.36.00 PM,Uptown,623,Americano,Coffee,4.22,2,8.44,1118,Mobile
664,11-11-2024,8.27.00 PM,Uptown,500,Latte,Beverage,6.67,3,20.01,1709,Cash
665,13-11-2024,10.36.00 AM,Uptown,985,Espresso,Beverage,7.18,4,28.72,4557,Cash
666,18-03-2024,10.44.00 PM,Downtown,804,Espresso,Beverage,3.43,2,6.86,4250,Mobile
668,18-12-2024,8.42.00 PM,Downtown,573,Mocha,Coffee,7.14,2,14.28,9609,Cash
670,06-06-2024,3.35.00 PM,Downtown,309,missing,Beverage,2.96,2,5.92,2101,Cash
671,06-08-2024,6.13.00 AM,Midtown,405,Americano,Coffee,3.31,3,9.93,5421,Card
672,30-01-2024,9.12.00 PM,Downtown,369,Latte,Beverage,5.48,2,10.96,8857,Mobile
674,20-01-2024,1.32.00 PM,Downtown,786,Espresso,Coffee,7.34,2,14.68,7082,Cash
675,16-11-2024,3.14.00 PM,Midtown,384,Espresso,Coffee,4.73,4,18.92,7658,Cash
676,03-03-2024,6.34.00 AM,Downtown,815,Espresso,Beverage,5.01,4,20.04,3261,Mobile
678,16-03-2024,11.02.00 AM,Downtown,862,Latte,Coffee,4.85,3,14.55,1508,Mobile
679,31-05-2024,10.26.00 AM,Uptown,326,Espresso,Coffee,5.81,2,11.62,3379,Mobile
680,24-05-2024,6.56.00 AM,Downtown,480,Latte,Beverage,6.26,3,18.78,9879,Mobile
682,14-03-2024,3.37.00 PM,Uptown,106,Mocha,Beverage,5.39,3,16.17,6495,Mobile
683,11-08-2024,10.43.00 AM,Downtown,128,Latte,Beverage,7.02,2,14.04,4209,Card
686,20-11-2024,1.19.00 PM,Midtown,978,Latte,Beverage,2.78,4,11.12,6648,Cash
687,14-02-2024,6.35.00 PM,Downtown,178,Latte,Coffee,2.53,4,10.12,6171,Mobile
689,03-06-2024,8.43.00 PM,Downtown,669,Mocha,Coffee,5.82,1,5.82,1324,Mobile
690,18-06-2024,7.12.00 PM,Midtown,637,Americano,Coffee,4.56,4,18.24,4557,Card
691,02-09-2024,4.27.00 PM,Downtown,581,Americano,Beverage,4.51,3,13.53,4587,Card
692,02-02-2024,1.50.00 PM,Midtown,529,Cappuccino,Coffee,6.92,1,6.92,1151,Card
694,09-12-2024,12.31.00 PM,Downtown,384,Cappuccino,Coffee,7.05,3,21.15,5354,Mobile
695,10-10-2024,9.59.00 AM,Uptown,615,Cappuccino,Coffee,4.07,3,12.21,8160,Cash
696,01-07-2024,7.15.00 PM,Midtown,198,Espresso,Beverage,5.96,3,17.88,1687,Card
697,17-04-2024,4.51.00 PM,Downtown,496,Mocha,Beverage,3.86,2,7.72,9501,Cash
698,24-04-2024,11.08.00 AM,Downtown,588,Americano,Beverage,3.45,1,3.45,4127,Card
699,31-01-2024,7.56.00 PM,Uptown,138,Latte,Coffee,3.42,3,10.26,7763,Card
701,24-04-2024,7.05.00 PM,Midtown,986,Americano,Coffee,4.65,4,18.6,1845,Mobile
702,15-06-2024,9.55.00 PM,Downtown,896,Mocha,Beverage,6.65,3,19.95,2164,Mobile
703,03-08-2024,2.03.00 PM,Downtown,256,Americano,Beverage,3.1,2,6.2,6904,Card
704,27-01-2024,8.43.00 AM,Uptown,174,Americano,Beverage,6.17,3,18.51,6360,Cash
705,23-04-2024,9.35.00 PM,Uptown,983,Cappuccino,Beverage,5.16,1,5.16,1354,Cash
707,01-04-2024,6.20.00 AM,Midtown,229,Espresso,Coffee,4.96,4,19.84,3024,Card
708,30-01-2024,3.46.00 PM,Downtown,786,Latte,Beverage,4,3,12,3817,Cash
709,20-10-2024,1.07.00 PM,Midtown,183,Americano,Coffee,5.48,2,10.96,4832,Card
710,12-05-2024,8.18.00 AM,Uptown,121,Latte,Coffee,4.67,4,18.68,9257,Cash
711,22-12-2024,8.43.00 PM,Uptown,558,Espresso,Coffee,3.32,3,9.96,3581,Mobile
713,07-05-2024,8.35.00 AM,Uptown,806,Espresso,Coffee,5.23,2,10.46,9418,Card
714,30-07-2024,8.59.00 AM,Uptown,948,Cappuccino,Beverage,7.01,4,28.04,3443,Cash
715,01-08-2024,7.59.00 PM,Uptown,481,Americano,Beverage,4.22,4,16.88,9919,Cash
716,13-07-2024,6.38.00 AM,Uptown,847,Espresso,Beverage,6.17,4,24.68,2036,Cash
718,23-10-2024,10.13.00 PM,Downtown,703,Americano,Coffee,7.16,2,14.32,8435,Mobile
719,19-03-2024,12.32.00 PM,Midtown,120,missing,Beverage,6.6,1,6.6,2548,Mobile
722,16-03-2024,11.03.00 AM,Downtown,183,Cappuccino,Coffee,6.99,1,6.99,7183,Cash
723,13-11-2024,3.34.00 PM,Downtown,873,Latte,Beverage,4.5,3,13.5,4957,Mobile
724,08-01-2024,12.15.00 PM,Downtown,758,missing,Beverage,4.13,3,12.39,4407,Card
725,20-10-2024,7.32.00 AM,Downtown,552,Cappuccino,Coffee,2.55,2,5.1,1639,Cash
726,25-06-2024,3.21.00 PM,Downtown,486,Mocha,Beverage,6.63,2,13.26,1172,Mobile
727,02-10-2024,1.16.00 PM,Downtown,606,missing,Beverage,6.5,4,26,6666,Card
728,25-02-2024,5.02.00 PM,Downtown,356,Cappuccino,Beverage,3.02,1,3.02,5354,Mobile
729,21-03-2024,10.43.00 AM,Uptown,669,Americano,Beverage,5.38,2,10.76,4959,Card
731,14-11-2024,2.46.00 PM,Downtown,626,Americano,Coffee,3.09,2,6.18,9714,Mobile
732,10-04-2024,8.10.00 AM,Uptown,261,missing,Coffee,7.4,3,22.2,3886,Mobile
734,08-06-2024,6.39.00 PM,Midtown,931,Americano,Beverage,2.84,1,2.84,4945,Card
735,21-10-2024,3.40.00 PM,Downtown,892,Mocha,Beverage,5.47,2,10.94,6235,Card
736,10-06-2024,11.25.00 AM,Midtown,891,Mocha,Beverage,6.19,1,6.19,8746,Cash
737,14-04-2024,6.00.00 PM,Downtown,623,Espresso,Beverage,2.66,3,7.98,3590,Card
738,05-10-2024,4.22.00 PM,Uptown,885,Latte,Coffee,5.79,1,5.79,8754,Cash
739,20-08-2024,10.48.00 AM,Uptown,370,Latte,Beverage,5.16,2,10.32,5934,Card
742,14-09-2024,7.31.00 PM,Midtown,638,Americano,Beverage,5.34,2,10.68,2093,Card
744,28-04-2024,5.48.00 PM,Downtown,159,Cappuccino,Coffee,7.19,3,21.57,7559,Mobile
745,17-12-2024,6.51.00 AM,Midtown,529,Mocha,Coffee,6.59,2,13.18,3785,Mobile
747,08-10-2024,10.41.00 PM,Uptown,704,Cappuccino,Coffee,3.8,4,15.2,7539,Cash
748,01-11-2024,10.45.00 AM,Downtown,408,Latte,Beverage,7.35,3,22.05,2574,Cash
749,13-06-2024,8.26.00 AM,Uptown,619,Cappuccino,Coffee,4.66,3,13.98,6676,Card
752,16-02-2024,9.11.00 PM,Midtown,785,Espresso,Beverage,2.76,2,5.52,6210,Mobile
753,14-07-2024,6.03.00 AM,Downtown,661,Mocha,Coffee,5.96,3,17.88,5845,Cash
754,29-06-2024,11.41.00 AM,Uptown,298,Americano,Beverage,4.79,2,9.58,2189,Card
755,14-12-2024,11.09.00 AM,Midtown,486,Cappuccino,Beverage,3.63,4,14.52,3689,Mobile
756,14-12-2024,7.18.00 AM,Downtown,448,Mocha,Coffee,5.57,1,5.57,5095,Cash
757,08-03-2024,6.18.00 PM,Uptown,792,Americano,Coffee,3.76,2,7.52,2875,Card
758,29-12-2024,10.53.00 PM,Midtown,635,Cappuccino,Beverage,5.39,4,21.56,8768,Card
760,13-11-2024,5.35.00 PM,Downtown,477,Americano,Coffee,6.62,2,13.24,4932,Mobile
761,23-04-2024,9.06.00 PM,Downtown,998,Cappuccino,Beverage,6.6,3,19.8,9240,Mobile
763,02-09-2024,10.37.00 PM,Uptown,626,Mocha,Coffee,4.25,3,12.75,4861,Mobile
764,05-05-2024,8.52.00 AM,Downtown,252,Mocha,Coffee,4.31,4,17.24,8406,Cash
765,26-10-2024,9.38.00 PM,Midtown,833,Mocha,Coffee,6.53,4,26.12,3833,Card
767,27-12-2024,10.28.00 AM,Downtown,554,Latte,Beverage,3.55,2,7.1,8645,Mobile
769,22-09-2024,12.22.00 PM,Midtown,993,Americano,Coffee,4.83,3,14.49,3735,Cash
770,28-03-2024,10.06.00 AM,Uptown,335,Latte,Beverage,4.91,1,4.91,9273,Mobile
772,25-11-2024,9.50.00 PM,Downtown,839,Cappuccino,Coffee,3.61,1,3.61,7368,Card
773,14-06-2024,4.42.00 PM,Midtown,620,Mocha,Coffee,4.4,1,4.4,1821,Card
774,30-12-2024,11.52.00 AM,Downtown,777,Espresso,Coffee,6.54,3,19.62,8525,Card
775,20-10-2024,8.18.00 PM,Uptown,930,Cappuccino,Coffee,6.62,4,26.48,1162,Mobile
776,06-10-2024,7.46.00 PM,Midtown,825,Espresso,Beverage,4.42,4,17.68,8777,Card
779,10-10-2024,11.35.00 AM,Downtown,485,Americano,Beverage,7.16,3,21.48,6956,Card
780,11-11-2024,8.41.00 AM,Downtown,443,Latte,Coffee,3.09,3,9.27,4446,Mobile
783,20-06-2024,3.04.00 PM,Uptown,163,Cappuccino,Beverage,5.16,1,5.16,8959,Card
784,15-12-2024,6.17.00 PM,Midtown,816,Mocha,Coffee,2.66,4,10.64,4933,Cash
785,10-05-2024,5.24.00 PM,Downtown,820,Americano,Coffee,4.88,3,14.64,4385,Cash
787,06-02-2024,10.08.00 PM,Uptown,888,Espresso,Beverage,3.31,1,3.31,1922,Mobile
788,05-11-2024,9.59.00 PM,Downtown,373,Americano,Coffee,5.78,3,17.34,9089,Card
789,14-08-2024,5.36.00 PM,Uptown,419,Latte,Beverage,7.36,4,29.44,1564,Card
790,19-03-2024,10.15.00 PM,Downtown,437,Cappuccino,Coffee,5.31,2,10.62,4258,Cash
791,05-04-2024,8.57.00 PM,Midtown,465,Americano,Beverage,6.07,3,18.21,3500,Card
792,26-08-2024,3.57.00 PM,Downtown,594,Americano,Beverage,2.84,4,11.36,5566,Cash
793,18-04-2024,6.08.00 AM,Downtown,706,Espresso,Coffee,4.59,3,13.77,7881,Mobile
795,20-10-2024,6.21.00 PM,Downtown,643,Latte,Beverage,5.56,3,16.68,7030,Mobile
796,12-05-2024,10.20.00 PM,Downtown,110,Americano,Coffee,7.19,3,21.57,1223,Card
797,20-03-2024,5.09.00 PM,Uptown,400,Americano,Beverage,5.81,2,11.62,7297,Cash
798,14-10-2024,10.44.00 AM,Midtown,828,Espresso,Coffee,2.88,1,2.88,1350,Mobile
799,15-08-2024,6.11.00 AM,Midtown,900,Mocha,Coffee,4.27,1,4.27,8314,Mobile
800,02-06-2024,3.14.00 PM,Uptown,201,Latte,Coffee,5.25,2,10.5,2928,Card
802,03-05-2024,6.28.00 AM,Uptown,491,Americano,Coffee,6.67,4,26.68,9540,Cash
803,13-09-2024,11.56.00 AM,Uptown,878,Americano,Beverage,6.57,1,6.57,5732,Mobile
804,14-09-2024,9.13.00 PM,Uptown,313,Latte,Coffee,5.56,1,5.56,2017,Mobile
805,21-01-2024,8.56.00 AM,Midtown,790,Mocha,Coffee,4.37,3,13.11,3226,Card
806,15-11-2024,9.51.00 PM,Midtown,187,Americano,Beverage,3.78,3,11.34,8206,Mobile
807,01-04-2024,8.06.00 PM,Uptown,652,Latte,Beverage,3.03,1,3.03,8170,Card
809,29-09-2024,8.02.00 AM,Uptown,687,Mocha,Coffee,4.57,4,18.28,3419,Mobile
810,24-02-2024,8.57.00 PM,Downtown,988,Cappuccino,Coffee,5.88,1,5.88,7240,Cash
811,23-07-2024,9.14.00 PM,Uptown,145,Americano,Coffee,5.79,4,23.16,2893,Card
812,11-08-2024,6.43.00 AM,Uptown,771,Latte,Beverage,2.85,4,11.4,6322,Mobile
814,10-10-2024,3.47.00 PM,Downtown,691,Cappuccino,Beverage,3.41,4,13.64,7878,Cash
815,03-11-2024,7.36.00 AM,Downtown,409,Latte,Coffee,3.28,3,9.84,2125,Cash
817,02-06-2024,6.52.00 AM,Midtown,191,missing,Coffee,2.71,3,8.13,5161,Cash
818,04-10-2024,8.34.00 AM,Midtown,759,Espresso,Coffee,4.6,4,18.4,5042,Mobile
820,20-05-2024,7.01.00 PM,Downtown,813,Mocha,Beverage,6.9,3,20.7,9638,Card
821,08-06-2024,9.14.00 PM,Downtown,341,missing,Beverage,5.29,4,21.16,3658,Cash
822,03-06-2024,9.52.00 PM,Uptown,964,Cappuccino,Coffee,3.66,1,3.66,4483,Mobile
823,08-04-2024,12.21.00 PM,Uptown,101,Cappuccino,Coffee,5.01,1,5.01,3944,Mobile
824,16-07-2024,4.26.00 PM,Midtown,324,Cappuccino,Coffee,6.16,3,18.48,8210,Mobile
825,13-03-2024,5.06.00 PM,Midtown,900,Espresso,Beverage,7.29,3,21.87,8653,Card
827,01-05-2024,10.03.00 AM,Uptown,688,Mocha,Coffee,6.93,4,27.72,2986,Mobile
828,31-07-2024,2.29.00 PM,Uptown,215,Latte,Coffee,7.17,4,28.68,2074,Mobile
829,01-05-2024,2.44.00 PM,Uptown,765,Latte,Coffee,7.08,4,28.32,5305,Cash
830,19-11-2024,9.07.00 PM,Uptown,202,Cappuccino,Beverage,5.68,3,17.04,4007,Cash
831,27-09-2024,5.04.00 PM,Uptown,293,Americano,Beverage,5.65,2,11.3,1969,Cash
832,09-12-2024,9.14.00 AM,Uptown,265,Espresso,Coffee,4.52,2,9.04,9772,Card
834,10-08-2024,4.01.00 PM,Midtown,189,Americano,Beverage,5.16,2,10.32,2211,Card
835,05-06-2024,6.37.00 PM,Midtown,785,Espresso,Beverage,5.89,2,11.78,1229,Mobile
836,30-07-2024,5.16.00 PM,Midtown,221,Cappuccino,Coffee,4.64,3,13.92,5284,Cash
837,10-12-2024,12.25.00 PM,Midtown,242,Americano,Beverage,6.16,3,18.48,4185,Cash
838,05-09-2024,8.01.00 AM,Uptown,205,Latte,Beverage,6.62,2,13.24,1501,Cash
839,08-08-2024,7.21.00 PM,Downtown,986,Espresso,Coffee,3.23,3,9.69,1048,Cash
841,03-03-2024,9.27.00 AM,Downtown,404,Cappuccino,Beverage,5.2,2,10.4,4055,Cash
843,24-09-2024,8.47.00 PM,Uptown,416,Mocha,Coffee,4.66,3,13.98,1386,Mobile
844,10-05-2024,9.36.00 AM,Midtown,734,Mocha,Beverage,4.4,4,17.6,1969,Card
845,09-05-2024,5.07.00 PM,Uptown,108,Americano,Coffee,7.08,3,21.24,6820,Cash
846,26-04-2024,5.29.00 PM,Midtown,873,Americano,Beverage,3.76,3,11.28,4052,Cash
848,27-09-2024,1.55.00 PM,Downtown,458,Espresso,Beverage,4.92,3,14.76,3302,Mobile
849,28-11-2024,9.05.00 PM,Downtown,322,Espresso,Coffee,5.07,1,5.07,3283,Cash
850,07-12-2024,3.36.00 PM,Uptown,515,Cappuccino,Beverage,4.04,1,4.04,5366,Mobile
853,28-09-2024,10.49.00 AM,Downtown,815,Latte,Coffee,2.7,4,10.8,4727,Cash
854,15-12-2024,6.42.00 PM,Downtown,363,Cappuccino,Coffee,3.86,4,15.44,9450,Mobile
855,05-12-2024,10.37.00 AM,Uptown,939,Espresso,Beverage,2.53,1,2.53,5958,Mobile
856,24-05-2024,4.20.00 PM,Uptown,789,Cappuccino,Beverage,7.39,4,29.56,1524,Cash
857,08-02-2024,6.03.00 PM,Downtown,959,Cappuccino,Coffee,7.33,4,29.32,9399,Cash
859,20-03-2024,7.50.00 PM,Downtown,183,Cappuccino,Coffee,6.14,4,24.56,9001,Mobile
860,08-10-2024,11.11.00 AM,Uptown,417,Latte,Coffee,4.23,1,4.23,1437,Card
861,13-12-2024,3.38.00 PM,Midtown,210,Americano,Coffee,5.86,1,5.86,4749,Cash
862,04-07-2024,7.16.00 PM,Midtown,350,Mocha,Coffee,6.53,1,6.53,9186,Mobile
864,15-04-2024,9.54.00 AM,Midtown,106,Cappuccino,Coffee,4.5,2,9,6336,Card
866,16-04-2024,11.30.00 AM,Downtown,183,Americano,Coffee,3.83,4,15.32,3823,Mobile
867,21-09-2024,10.18.00 PM,Midtown,307,Espresso,Coffee,7.45,2,14.9,6728,Mobile
868,10-05-2024,5.33.00 PM,Midtown,489,Espresso,Beverage,2.63,1,2.63,9677,Cash
870,10-06-2024,12.07.00 PM,Midtown,121,Espresso,Coffee,5.8,2,11.6,2982,Cash
871,28-09-2024,2.35.00 PM,Uptown,509,Cappuccino,Beverage,5.94,2,11.88,7996,Mobile
873,11-09-2024,6.54.00 AM,Midtown,614,Cappuccino,Beverage,7.19,3,21.57,8225,Mobile
874,18-12-2024,9.12.00 PM,Midtown,226,Latte,Beverage,3.41,1,3.41,1604,Mobile
875,09-10-2024,6.55.00 PM,Midtown,908,Cappuccino,Coffee,5.61,3,16.83,9175,Cash
876,05-08-2024,2.19.00 PM,Downtown,799,Espresso,Beverage,3.61,3,10.83,6785,Mobile
877,23-03-2024,7.10.00 PM,Uptown,973,Americano,Coffee,4.04,4,16.16,5597,Card
878,29-06-2024,8.58.00 AM,Downtown,113,Americano,Coffee,5.23,1,5.23,8759,Mobile
879,26-04-2024,8.02.00 PM,Uptown,111,Mocha,Coffee,4.59,1,4.59,8532,Mobile
880,05-03-2024,7.57.00 AM,Midtown,186,Espresso,Coffee,3.3,2,6.6,9740,Cash
882,27-04-2024,8.35.00 PM,Downtown,636,Americano,Beverage,4.59,4,18.36,4815,Cash
883,21-01-2024,8.50.00 PM,Downtown,400,Espresso,Coffee,6.29,3,18.87,1847,Mobile
884,07-05-2024,7.12.00 AM,Uptown,342,Americano,Coffee,6.99,2,13.98,5709,Cash
885,19-07-2024,11.56.00 AM,Uptown,221,Cappuccino,Coffee,2.92,2,5.84,5507,Cash
886,18-05-2024,9.57.00 PM,Downtown,246,Americano,Coffee,4.47,1,4.47,7575,Cash
887,14-02-2024,1.08.00 PM,Uptown,666,Mocha,Beverage,3,1,3,5773,Cash
888,21-03-2024,4.41.00 PM,Downtown,849,Mocha,Coffee,2.58,2,5.16,5468,Mobile
889,15-12-2024,2.11.00 PM,Uptown,455,Americano,Beverage,5.81,1,5.81,6192,Mobile
890,24-08-2024,8.56.00 AM,Downtown,784,Espresso,Coffee,5.51,4,22.04,4320,Card
892,02-07-2024,9.05.00 AM,Downtown,730,Espresso,Coffee,3.67,1,3.67,5311,Cash
893,05-05-2024,9.09.00 AM,Uptown,408,Americano,Coffee,2.62,4,10.48,4673,Card
896,14-09-2024,9.48.00 AM,Downtown,406,missing,Beverage,3.18,1,3.18,7058,Mobile
897,19-04-2024,4.02.00 PM,Uptown,911,Cappuccino,Coffee,3.66,2,7.32,8131,Card
898,10-10-2024,10.52.00 PM,Uptown,693,Espresso,Coffee,6.84,3,20.52,1726,Cash
899,23-09-2024,1.24.00 PM,Downtown,822,Cappuccino,Beverage,7.13,1,7.13,7697,Card
900,29-05-2024,4.30.00 PM,Midtown,761,missing,Beverage,4.6,4,18.4,1282,Mobile
904,16-09-2024,11.46.00 AM,Midtown,972,Americano,Coffee,4.46,1,4.46,3970,Card
905,24-03-2024,10.34.00 PM,Downtown,158,Latte,Coffee,2.64,3,7.92,7985,Mobile
906,07-06-2024,8.47.00 AM,Uptown,742,Espresso,Beverage,5.42,1,5.42,1947,Cash
907,24-03-2024,9.38.00 AM,Midtown,813,Mocha,Coffee,2.56,4,10.24,5760,Mobile
908,12-07-2024,4.33.00 PM,Uptown,854,Espresso,Beverage,6.44,2,12.88,1066,Mobile
910,10-07-2024,7.33.00 AM,Midtown,544,Espresso,Beverage,2.7,2,5.4,9505,Mobile
911,26-04-2024,11.44.00 AM,Downtown,192,Americano,Coffee,5.44,4,21.76,1564,Card
912,10-09-2024,10.15.00 PM,Downtown,306,Cappuccino,Beverage,4.49,1,4.49,4670,Card
914,27-09-2024,12.57.00 PM,Downtown,431,Latte,Beverage,5.22,2,10.44,1804,Cash
915,07-10-2024,1.14.00 PM,Downtown,916,Mocha,Beverage,3.88,2,7.76,5631,Cash
916,11-05-2024,9.00.00 PM,Midtown,961,Mocha,Coffee,6.05,2,12.1,2235,Cash
918,22-10-2024,7.53.00 PM,Midtown,258,Americano,Beverage,7.02,3,21.06,7906,Mobile
919,14-06-2024,8.14.00 PM,Midtown,123,Mocha,Coffee,4.37,1,4.37,7016,Cash
922,06-10-2024,8.10.00 AM,Uptown,615,missing,Coffee,4.63,4,18.52,5141,Mobile
924,25-06-2024,12.39.00 PM,Midtown,463,missing,Beverage,6.53,4,26.12,6335,Mobile
925,20-07-2024,7.32.00 AM,Uptown,481,Espresso,Beverage,3.62,3,10.86,6077,Card
926,09-08-2024,7.02.00 PM,Uptown,631,Mocha,Beverage,3.63,1,3.63,6611,Card
927,01-06-2024,7.32.00 PM,Downtown,251,Espresso,Beverage,6.59,1,6.59,9089,Card
928,09-09-2024,8.39.00 PM,Uptown,661,Americano,Coffee,7.15,4,28.6,3892,Mobile
929,29-09-2024,9.16.00 PM,Uptown,788,Cappuccino,Coffee,2.98,1,2.98,6577,Cash
930,21-05-2024,10.10.00 PM,Midtown,707,missing,Beverage,4.75,1,4.75,4618,Cash
931,17-03-2024,2.04.00 PM,Midtown,716,Latte,Coffee,4.19,2,8.38,2559,Cash
932,06-04-2024,6.40.00 AM,Midtown,519,Espresso,Coffee,6.85,1,6.85,7683,Cash
933,29-10-2024,12.34.00 PM,Midtown,349,Mocha,Beverage,2.92,2,5.84,2507,Cash
934,20-01-2024,9.16.00 PM,Midtown,216,Americano,Coffee,3.56,1,3.56,3063,Mobile
936,06-10-2024,3.58.00 PM,Uptown,611,Espresso,Beverage,2.76,4,11.04,3000,Cash
938,16-03-2024,5.02.00 PM,Midtown,677,Latte,Coffee,4.71,4,18.84,5065,Mobile
939,19-06-2024,8.12.00 AM,Downtown,434,Americano,Beverage,4.17,2,8.34,9014,Mobile
940,21-08-2024,6.40.00 PM,Uptown,517,Mocha,Beverage,4.47,2,8.94,2603,Cash
941,01-02-2024,6.26.00 PM,Uptown,873,Mocha,Coffee,5.15,2,10.3,2322,Mobile
943,23-11-2024,10.07.00 PM,Midtown,854,Americano,Beverage,5.36,1,5.36,3441,Cash
944,11-02-2024,6.39.00 AM,Midtown,470,missing,Beverage,6.53,2,13.06,2098,Cash
945,29-06-2024,3.34.00 PM,Midtown,285,Mocha,Coffee,6.3,3,18.9,6073,Card
947,03-03-2024,11.32.00 AM,Midtown,736,Americano,Coffee,3.25,1,3.25,4787,Cash
948,04-03-2024,10.19.00 PM,Downtown,367,missing,Beverage,3.84,2,7.68,3096,Card
949,18-07-2024,10.05.00 AM,Uptown,742,Americano,Coffee,4.31,3,12.93,3208,Cash
950,08-04-2024,8.23.00 AM,Midtown,336,Americano,Beverage,4.54,1,4.54,6988,Cash
953,01-09-2024,5.48.00 PM,Midtown,120,Cappuccino,Coffee,2.67,1,2.67,7014,Card
956,08-08-2024,1.59.00 PM,Uptown,893,Latte,Beverage,3.47,4,13.88,2823,Cash
957,31-10-2024,9.12.00 AM,Downtown,619,Cappuccino,Coffee,5.71,1,5.71,6147,Cash
958,30-11-2024,3.11.00 PM,Downtown,199,Espresso,Beverage,3.8,2,7.6,2356,Card
960,25-08-2024,12.37.00 PM,Downtown,577,Espresso,Beverage,6.98,3,20.94,4259,Mobile
961,06-09-2024,2.03.00 PM,Uptown,698,Latte,Coffee,3.99,3,11.97,7199,Cash
964,10-08-2024,8.21.00 AM,Downtown,433,Americano,Beverage,3.7,4,14.8,8965,Mobile
965,29-12-2024,12.47.00 PM,Uptown,101,Latte,Beverage,5.86,2,11.72,3083,Cash
966,11-09-2024,10.17.00 PM,Midtown,474,Cappuccino,Beverage,6.63,1,6.63,3040,Card
967,26-11-2024,8.15.00 PM,Midtown,392,Cappuccino,Coffee,5.87,3,17.61,5534,Cash
968,04-01-2024,9.49.00 PM,Uptown,936,Americano,Coffee,6.62,4,26.48,2752,Cash
971,07-07-2024,9.18.00 PM,Downtown,601,Espresso,Beverage,6.19,2,12.38,2600,Cash
972,29-03-2024,8.25.00 AM,Midtown,927,Mocha,Coffee,4.3,4,17.2,5402,Mobile
973,10-08-2024,4.28.00 PM,Uptown,480,Mocha,Coffee,5.86,2,11.72,4799,Cash
974,03-02-2024,1.46.00 PM,Downtown,722,Espresso,Coffee,3.85,3,11.55,1618,Mobile
975,26-07-2024,10.04.00 PM,Downtown,113,Cappuccino,Coffee,2.91,2,5.82,2132,Cash
977,21-03-2024,9.48.00 PM,Uptown,330,Mocha,Beverage,3.28,4,13.12,6795,Mobile
978,13-05-2024,12.48.00 PM,Uptown,183,Americano,Coffee,7.44,4,29.76,8633,Card
980,05-05-2024,10.29.00 AM,Midtown,842,Mocha,Coffee,6.47,1,6.47,8848,Card
981,31-01-2024,7.50.00 PM,Downtown,937,Mocha,Coffee,5.8,4,23.2,6009,Card
982,27-05-2024,9.47.00 AM,Uptown,244,Espresso,Coffee,5.39,2,10.78,3113,Card
983,01-01-2024,12.12.00 PM,Downtown,990,Espresso,Beverage,6.83,2,13.66,2044,Cash
985,18-03-2024,8.02.00 AM,Downtown,127,Americano,Coffee,4.84,1,4.84,8979,Cash
986,12-10-2024,12.39.00 PM,Downtown,165,Americano,Coffee,5.6,1,5.6,2582,Cash
987,03-07-2024,5.06.00 PM,Uptown,262,Espresso,Beverage,4.56,3,13.68,2308,Cash
988,19-06-2024,1.12.00 PM,Downtown,328,Latte,Beverage,4.64,3,13.92,5917,Card
991,25-06-2024,7.30.00 PM,Midtown,523,Espresso,Beverage,6.75,1,6.75,8503,Cash
992,03-02-2024,1.37.00 PM,Uptown,559,Latte,Coffee,3.51,3,10.53,5766,Card
993,27-02-2024,11.55.00 AM,Midtown,775,Cappuccino,Coffee,7.17,2,14.34,6362,Mobile
994,12-11-2024,6.13.00 AM,Uptown,400,Espresso,Beverage,5.95,3,17.85,6192,Mobile
997,17-09-2024,10.47.00 PM,Midtown,494,Espresso,Coffee,6.4,2,12.8,7704,Cash
998,13-09-2024,9.01.00 PM,Midtown,109,Espresso,Beverage,2.58,2,5.16,1100,Card
999,07-02-2024,8.44.00 AM,Downtown,806,Espresso,Coffee,6.59,2,13.18,7657,Mobile
1000,09-08-2024,8.31.00 AM,Midtown,729,Mocha,Coffee,2.7,2,5.4,6875,Mobile
1001,21-03-2024,8.16.00 AM,Midtown,369,Cappuccino,Beverage,6.95,4,27.8,5271,Card
1002,14-11-2024,10.40.00 AM,Midtown,691,Cappuccino,Coffee,7.46,3,22.38,1237,Cash
1003,29-07-2024,7.29.00 AM,Midtown,704,Espresso,Coffee,3.97,3,11.91,8226,Mobile
1004,06-05-2024,2.00.00 PM,Downtown,877,missing,Beverage,3.55,4,14.2,9032,Cash
1006,24-09-2024,4.22.00 PM,Uptown,961,Cappuccino,Coffee,3.77,2,7.54,5025,Cash
1007,23-04-2024,7.57.00 PM,Uptown,460,Cappuccino,Coffee,6.83,3,20.49,7073,Cash
1008,24-06-2024,2.34.00 PM,Midtown,356,Mocha,Coffee,3.01,4,12.04,3542,Mobile
1009,08-03-2024,9.53.00 AM,Midtown,232,missing,Coffee,3.13,2,6.26,2537,Mobile
1010,06-09-2024,5.51.00 PM,Uptown,375,Espresso,Beverage,7.4,2,14.8,1754,Cash
1011,28-12-2024,8.10.00 AM,Uptown,875,Americano,Beverage,5.87,2,11.74,8396,Cash
1012,11-04-2024,11.25.00 AM,Downtown,782,missing,Beverage,6.73,1,6.73,8823,Card
1013,06-05-2024,8.39.00 PM,Uptown,612,Americano,Beverage,4.12,4,16.48,6507,Card
1015,07-02-2024,10.41.00 AM,Midtown,675,Mocha,Coffee,5.47,1,5.47,1540,Mobile
1016,12-05-2024,8.59.00 PM,Uptown,985,Mocha,Coffee,5.52,4,22.08,6510,Card
1019,01-05-2024,7.37.00 PM,Midtown,206,Espresso,Beverage,4.65,1,4.65,6131,Mobile
1020,02-01-2024,2.35.00 PM,Midtown,786,Mocha,Beverage,3.88,1,3.88,9697,Mobile
1021,25-11-2024,12.23.00 PM,Uptown,303,Latte,Coffee,6.34,2,12.68,2129,Card
1022,25-06-2024,12.09.00 PM,Midtown,264,Americano,Coffee,3.63,2,7.26,4145,Cash
1023,11-07-2024,8.50.00 PM,Downtown,404,Latte,Coffee,5.96,1,5.96,9553,Cash
1024,16-11-2024,6.51.00 PM,Downtown,596,Mocha,Beverage,3.67,3,11.01,4720,Cash
1025,28-04-2024,10.45.00 AM,Uptown,731,Espresso,Coffee,5.63,3,16.89,5067,Card
1026,06-11-2024,8.02.00 PM,Uptown,655,Cappuccino,Coffee,6.24,4,24.96,5195,Cash
1027,29-11-2024,9.47.00 PM,Uptown,923,Mocha,Coffee,3.59,2,7.18,8281,Card
1029,17-09-2024,8.14.00 PM,Downtown,466,Americano,Coffee,3.15,4,12.6,6016,Card
1031,12-06-2024,6.25.00 PM,Midtown,719,Latte,Beverage,6.75,2,13.5,5727,Cash
1032,24-06-2024,4.09.00 PM,Downtown,350,Latte,Beverage,2.72,4,10.88,1681,Cash
1033,14-03-2024,8.13.00 AM,Uptown,981,Americano,Beverage,6.17,4,24.68,4932,Mobile
1034,05-03-2024,1.27.00 PM,Uptown,433,Espresso,Beverage,4.21,4,16.84,6560,Card
1035,04-02-2024,7.35.00 AM,Uptown,741,Americano,Beverage,4.89,3,14.67,5016,Mobile
1036,11-07-2024,11.56.00 AM,Downtown,610,Latte,Coffee,7.14,2,14.28,8339,Card
1039,02-02-2024,8.49.00 AM,Midtown,381,Americano,Beverage,2.57,2,5.14,5157,Card
1040,10-05-2024,11.48.00 AM,Downtown,896,Americano,Coffee,2.91,1,2.91,9511,Mobile
1041,18-07-2024,2.39.00 PM,Midtown,100,Espresso,Beverage,3.79,1,3.79,3149,Card
1042,13-05-2024,9.29.00 AM,Midtown,218,Espresso,Beverage,2.64,4,10.56,7713,Cash
1043,14-08-2024,9.32.00 AM,Downtown,134,Americano,Beverage,5.66,4,22.64,5207,Card
1044,30-11-2024,9.59.00 PM,Uptown,297,Latte,Coffee,4.63,3,13.89,8141,Card
1045,17-12-2024,8.39.00 AM,Uptown,584,Cappuccino,Beverage,5.24,3,15.72,9652,Card
1047,06-01-2024,5.07.00 PM,Downtown,158,Latte,Coffee,3.98,2,7.96,2075,Card
1048,29-08-2024,10.21.00 AM,Midtown,936,Mocha,Coffee,5.82,3,17.46,4876,Card
1049,07-02-2024,12.22.00 PM,Uptown,260,Espresso,Beverage,7.33,1,7.33,5615,Mobile
1050,30-11-2024,8.06.00 PM,Uptown,790,Latte,Beverage,2.75,3,8.25,8265,Mobile
1051,05-02-2024,9.08.00 AM,Downtown,305,Latte,Coffee,6.95,4,27.8,7379,Mobile
1052,16-05-2024,9.46.00 PM,Uptown,111,Cappuccino,Coffee,5.38,3,16.14,5652,Mobile
1053,12-06-2024,5.04.00 PM,Downtown,589,Cappuccino,Coffee,5.32,2,10.64,7792,Cash
1054,24-08-2024,11.16.00 AM,Midtown,375,Mocha,Beverage,5,2,10,8456,Cash
1055,10-07-2024,7.27.00 PM,Downtown,792,Latte,Coffee,2.85,1,2.85,5674,Card
1056,25-12-2024,9.22.00 AM,Downtown,341,Latte,Coffee,2.95,2,5.9,1541,Cash
1057,13-10-2024,9.04.00 AM,Downtown,315,Cappuccino,Coffee,5.5,3,16.5,3161,Card
1058,23-05-2024,9.05.00 AM,Downtown,350,missing,Beverage,4.2,4,16.8,3251,Cash
1060,08-07-2024,12.00.00 PM,Midtown,225,missing,Coffee,4.53,1,4.53,3744,Mobile
1063,25-06-2024,4.52.00 PM,Midtown,896,missing,Coffee,3.97,2,7.94,2560,Card
1064,15-06-2024,6.38.00 PM,Uptown,284,Mocha,Beverage,5.13,2,10.26,2164,Card
1065,23-01-2024,12.30.00 PM,Midtown,138,Latte,Beverage,5.99,1,5.99,6419,Card
1066,11-02-2024,4.24.00 PM,Downtown,322,Mocha,Beverage,7,3,21,3722,Mobile
1067,28-10-2024,10.30.00 AM,Downtown,283,Cappuccino,Coffee,6.46,2,12.92,1470,Mobile
1068,02-06-2024,9.43.00 PM,Uptown,594,Latte,Beverage,5.88,4,23.52,2468,Mobile
1069,10-06-2024,9.24.00 PM,Uptown,526,Espresso,Beverage,5.9,2,11.8,8925,Mobile
1070,02-05-2024,12.38.00 PM,Uptown,277,Espresso,Beverage,7.23,3,21.69,1808,Card
1071,02-03-2024,5.59.00 PM,Downtown,527,Americano,Coffee,3.98,2,7.96,9363,Mobile
1072,24-02-2024,8.18.00 PM,Midtown,393,Cappuccino,Coffee,2.51,1,2.51,7719,Mobile
1073,12-01-2024,9.34.00 AM,Downtown,951,missing,Beverage,3.86,2,7.72,6073,Mobile
1074,09-02-2024,4.40.00 PM,Uptown,250,Espresso,Beverage,3.59,2,7.18,9012,Mobile
1075,02-05-2024,3.46.00 PM,Midtown,483,Mocha,Coffee,5.81,3,17.43,2645,Cash
1076,30-01-2024,3.36.00 PM,Midtown,737,Latte,Coffee,5.67,1,5.67,9249,Card
1078,18-04-2024,8.42.00 PM,Uptown,407,Mocha,Coffee,2.58,2,5.16,2353,Mobile
1079,03-01-2024,9.11.00 PM,Downtown,435,Espresso,Beverage,6.14,4,24.56,1767,Cash
1080,17-01-2024,6.33.00 AM,Midtown,845,Espresso,Coffee,4.12,2,8.24,4895,Card
1082,26-03-2024,7.23.00 AM,Downtown,474,Americano,Beverage,5.28,4,21.12,4454,Mobile
1083,07-12-2024,8.16.00 PM,Uptown,107,Mocha,Coffee,4.21,3,12.63,8329,Mobile
1084,22-05-2024,9.09.00 AM,Uptown,440,Cappuccino,Beverage,3.17,3,9.51,2790,Card
1085,11-05-2024,5.10.00 PM,Midtown,228,Latte,Beverage,2.97,1,2.97,1885,Card
1086,26-03-2024,10.28.00 PM,Downtown,875,missing,Beverage,6.66,4,26.64,8734,Cash
1088,08-05-2024,9.52.00 PM,Downtown,451,Mocha,Coffee,5.75,3,17.25,5492,Card
1091,14-05-2024,7.20.00 PM,Uptown,594,Latte,Coffee,6.14,1,6.14,7269,Mobile
1092,07-10-2024,2.45.00 PM,Uptown,185,Americano,Beverage,6.4,4,25.6,6317,Card
1093,18-04-2024,1.16.00 PM,Uptown,274,Americano,Beverage,3.09,1,3.09,1810,Card
1094,28-03-2024,4.51.00 PM,Downtown,901,Latte,Coffee,2.5,1,2.5,7841,Card
1095,02-06-2024,9.54.00 AM,Downtown,292,Cappuccino,Coffee,6.06,2,12.12,3032,Cash
1096,04-09-2024,12.56.00 PM,Uptown,410,Cappuccino,Beverage,4.28,1,4.28,8129,Mobile
1098,19-12-2024,2.30.00 PM,Uptown,317,Americano,Coffee,2.56,3,7.68,9788,Card
1099,07-11-2024,7.54.00 PM,Midtown,526,Espresso,Coffee,5.2,1,5.2,3147,Cash
1100,25-09-2024,9.17.00 AM,Uptown,513,Cappuccino,Coffee,6.76,3,20.28,1615,Mobile
1101,03-09-2024,1.59.00 PM,Midtown,213,Latte,Beverage,7.29,1,7.29,1947,Card
1102,10-06-2024,12.23.00 PM,Downtown,244,Cappuccino,Beverage,5.33,1,5.33,6677,Cash
1103,03-01-2024,5.26.00 PM,Uptown,637,Espresso,Beverage,5.07,4,20.28,5651,Cash
1104,25-08-2024,11.04.00 AM,Downtown,747,Americano,Beverage,2.93,4,11.72,8866,Mobile
1105,28-01-2024,3.46.00 PM,Midtown,402,Americano,Beverage,5.24,3,15.72,3013,Cash
1106,14-03-2024,6.44.00 AM,Midtown,843,Espresso,Coffee,4.4,1,4.4,4697,Mobile
1107,02-09-2024,6.57.00 AM,Midtown,980,Latte,Coffee,5.54,2,11.08,1490,Card
1108,16-06-2024,9.01.00 PM,Downtown,687,Americano,Beverage,4.44,4,17.76,5350,Card
1109,25-02-2024,9.28.00 AM,Downtown,939,Mocha,Beverage,3.7,2,7.4,3428,Cash
1110,30-03-2024,6.47.00 AM,Downtown,444,Americano,Coffee,2.97,4,11.88,5987,Card
1111,13-07-2024,8.39.00 AM,Downtown,913,Mocha,Coffee,4.07,4,16.28,9733,Card
1112,03-04-2024,7.24.00 PM,Midtown,900,Espresso,Coffee,2.98,1,2.98,5920,Cash
1113,27-12-2024,7.29.00 AM,Midtown,100,Espresso,Coffee,3.38,4,13.52,3926,Card
1114,26-11-2024,4.26.00 PM,Uptown,246,Americano,Beverage,7.44,2,14.88,8282,Cash
1115,24-03-2024,10.15.00 AM,Uptown,386,Cappuccino,Coffee,4.72,4,18.88,5376,Mobile
1117,04-12-2024,3.28.00 PM,Midtown,152,Latte,Coffee,6.87,1,6.87,7986,Mobile
1118,08-11-2024,6.23.00 PM,Midtown,403,Americano,Coffee,7.48,1,7.48,7862,Cash
1119,12-11-2024,7.20.00 PM,Midtown,168,Latte,Coffee,5.41,3,16.23,5423,Cash
1120,07-09-2024,9.39.00 AM,Uptown,460,Americano,Beverage,6.56,3,19.68,7870,Card
1121,13-05-2024,8.07.00 AM,Uptown,701,Cappuccino,Beverage,4.13,3,12.39,9159,Card
1122,19-06-2024,6.42.00 PM,Midtown,319,Cappuccino,Coffee,4.03,4,16.12,3073,Card
1123,05-01-2024,1.17.00 PM,Midtown,803,Cappuccino,Beverage,4.51,1,4.51,7170,Card
1124,28-04-2024,5.18.00 PM,Midtown,674,Cappuccino,Beverage,5.86,3,17.58,1701,Card
1125,19-10-2024,10.07.00 PM,Uptown,684,Espresso,Coffee,5.91,4,23.64,9113,Cash
1126,07-04-2024,4.33.00 PM,Midtown,260,Espresso,Coffee,4.08,3,12.24,7825,Cash
1127,22-08-2024,5.29.00 PM,Midtown,780,Mocha,Beverage,3.17,2,6.34,8867,Mobile
1128,17-11-2024,8.27.00 PM,Downtown,188,Latte,Beverage,5.66,2,11.32,5264,Mobile
1130,23-12-2024,10.35.00 PM,Uptown,880,Americano,Coffee,5.39,4,21.56,9146,Mobile
1131,27-06-2024,11.29.00 AM,Midtown,684,Espresso,Coffee,5.97,2,11.94,8776,Cash
1133,24-04-2024,8.39.00 AM,Downtown,688,Espresso,Coffee,6.27,4,25.08,9719,Cash
1134,08-03-2024,6.12.00 AM,Uptown,258,Mocha,Coffee,6.86,3,20.58,5886,Card
1136,16-09-2024,11.26.00 AM,Downtown,423,Mocha,Beverage,6.15,3,18.45,5619,Mobile
1138,20-10-2024,6.38.00 AM,Downtown,480,Cappuccino,Coffee,3.43,2,6.86,7875,Cash
1139,14-03-2024,8.45.00 PM,Midtown,201,Cappuccino,Beverage,2.63,2,5.26,8856,Mobile
1140,08-08-2024,6.11.00 AM,Midtown,593,Mocha,Coffee,3.92,1,3.92,6401,Mobile
1141,19-10-2024,10.19.00 PM,Downtown,743,missing,Coffee,4.72,1,4.72,4022,Card
1143,09-11-2024,2.20.00 PM,Uptown,118,Cappuccino,Beverage,6.75,4,27,6984,Card
1144,26-03-2024,3.02.00 PM,Uptown,553,Cappuccino,Coffee,3.48,2,6.96,2770,Card
1145,08-03-2024,6.37.00 AM,Uptown,581,Cappuccino,Coffee,3.13,2,6.26,9989,Mobile
1146,08-10-2024,1.28.00 PM,Downtown,693,missing,Coffee,7.32,4,29.28,4215,Card
1147,24-08-2024,6.11.00 AM,Midtown,496,missing,Beverage,3.04,1,3.04,7694,Card
1148,26-04-2024,5.18.00 PM,Uptown,378,Latte,Coffee,4.89,4,19.56,3976,Card
1150,12-02-2024,5.38.00 PM,Uptown,464,Mocha,Beverage,5.21,2,10.42,1752,Mobile
1151,02-01-2024,7.51.00 PM,Uptown,430,Mocha,Beverage,2.93,3,8.79,2392,Cash
1152,18-03-2024,4.07.00 PM,Downtown,740,Latte,Coffee,2.79,1,2.79,7789,Cash
1153,03-10-2024,1.41.00 PM,Midtown,443,Mocha,Beverage,3.03,2,6.06,1677,Card
1154,23-09-2024,6.33.00 AM,Midtown,921,Latte,Beverage,5.43,2,10.86,1105,Card
1155,06-12-2024,9.58.00 PM,Downtown,554,Mocha,Coffee,5.22,3,15.66,5753,Card
1156,27-01-2024,3.23.00 PM,Midtown,700,missing,Beverage,3.67,2,7.34,2946,Cash
1157,06-07-2024,6.13.00 AM,Downtown,824,missing,Beverage,5.69,2,11.38,6544,Card
1158,01-10-2024,10.21.00 AM,Downtown,754,Americano,Coffee,6.6,1,6.6,2095,Mobile
1159,13-09-2024,6.24.00 PM,Downtown,164,Mocha,Beverage,2.71,1,2.71,7985,Mobile
1160,01-10-2024,10.46.00 PM,Midtown,175,missing,Coffee,4.99,3,14.97,2782,Mobile
1161,02-09-2024,11.15.00 AM,Downtown,810,Americano,Coffee,5.95,3,17.85,5541,Cash
1162,28-03-2024,9.39.00 PM,Uptown,242,Latte,Beverage,3.76,2,7.52,4257,Card
1163,08-06-2024,8.39.00 AM,Midtown,927,Americano,Beverage,4.04,1,4.04,7213,Card
1164,15-03-2024,8.11.00 AM,Midtown,704,Espresso,Beverage,5.57,3,16.71,5869,Card
1165,26-10-2024,2.32.00 PM,Midtown,572,Espresso,Coffee,6.99,3,20.97,2561,Cash
1166,03-08-2024,1.19.00 PM,Midtown,516,Mocha,Beverage,6.55,4,26.2,5006,Cash
1167,31-10-2024,10.30.00 PM,Uptown,404,Mocha,Coffee,5.42,3,16.26,4981,Cash
1168,09-04-2024,6.52.00 PM,Midtown,835,Cappuccino,Beverage,6.15,2,12.3,6682,Cash
1169,26-03-2024,6.47.00 PM,Midtown,596,Americano,Beverage,4.32,1,4.32,6782,Mobile
1170,22-12-2024,12.14.00 PM,Downtown,390,Espresso,Beverage,5.7,3,17.1,1943,Cash
1171,21-02-2024,10.11.00 AM,Midtown,201,Mocha,Coffee,4.83,4,19.32,5550,Cash
1172,10-05-2024,2.31.00 PM,Uptown,366,Americano,Beverage,3.45,1,3.45,1600,Cash
1174,18-04-2024,1.48.00 PM,Uptown,721,Mocha,Coffee,5.28,4,21.12,2524,Card
1175,03-11-2024,8.03.00 AM,Uptown,941,Espresso,Coffee,4.29,3,12.87,4766,Card
1176,27-02-2024,2.14.00 PM,Midtown,876,Espresso,Beverage,7.06,1,7.06,1250,Mobile
1178,25-04-2024,12.43.00 PM,Uptown,184,Latte,Beverage,4.08,1,4.08,4123,Cash
1179,23-09-2024,4.58.00 PM,Uptown,893,Mocha,Coffee,2.78,2,5.56,8064,Card
1180,24-12-2024,8.30.00 AM,Midtown,427,missing,Coffee,6.33,3,18.99,9417,Mobile
1181,21-12-2024,8.30.00 PM,Uptown,915,Cappuccino,Coffee,6.01,2,12.02,2209,Card
1182,29-08-2024,10.53.00 PM,Downtown,549,Cappuccino,Coffee,4.16,1,4.16,6153,Mobile
1184,30-07-2024,10.43.00 AM,Uptown,728,Latte,Coffee,4.48,3,13.44,3178,Cash
1185,17-04-2024,11.46.00 AM,Downtown,320,Latte,Coffee,6.28,2,12.56,8610,Cash
1186,15-10-2024,3.24.00 PM,Downtown,253,Mocha,Coffee,4.77,3,14.31,9895,Mobile
1187,26-01-2024,7.35.00 AM,Midtown,764,Cappuccino,Beverage,4.56,4,18.24,3544,Cash
1188,16-06-2024,9.55.00 PM,Midtown,111,Latte,Beverage,7.17,2,14.34,6522,Mobile
1189,24-04-2024,2.46.00 PM,Downtown,232,Espresso,Coffee,3.75,1,3.75,3370,Mobile
1192,29-03-2024,11.38.00 AM,Uptown,399,Mocha,Beverage,7.35,3,22.05,1328,Cash
1194,08-01-2024,12.41.00 PM,Midtown,882,Cappuccino,Beverage,2.81,3,8.43,5228,Card
1198,05-03-2024,9.00.00 AM,Midtown,913,Americano,Beverage,5.79,1,5.79,1964,Cash
1199,08-12-2024,9.33.00 AM,Downtown,597,Mocha,Coffee,7.49,1,7.49,5224,Cash
1200,18-06-2024,11.18.00 AM,Uptown,463,Cappuccino,Coffee,4.76,3,14.28,4675,Card
1203,08-08-2024,7.21.00 PM,Downtown,986,Espresso,Coffee,3.23,3,9.69,1048,Cash
1204,27-04-2024,8.57.00 AM,Downtown,990,Mocha,Coffee,4.36,2,8.72,7752,Card
1205,22-09-2024,7.43.00 AM,Midtown,554,missing,Beverage,5.89,3,17.67,8630,Mobile
1206,07-01-2024,1.37.00 PM,Uptown,103,Latte,Beverage,5.18,3,15.54,1641,Mobile
1207,28-07-2024,8.19.00 AM,Midtown,636,Latte,Coffee,2.7,3,8.1,7639,Card
1208,24-04-2024,8.39.00 AM,Downtown,688,Espresso,Coffee,6.27,4,25.08,9719,Cash
1209,28-03-2024,10.06.00 AM,Uptown,335,Latte,Beverage,4.91,1,4.91,9273,Mobile
1210,17-08-2024,11.48.00 AM,Midtown,455,missing,Beverage,6.52,3,19.56,6127,Card
1212,18-12-2024,8.42.00 PM,Downtown,573,Mocha,Coffee,7.14,2,14.28,9609,Cash
1214,01-09-2024,6.43.00 AM,Uptown,422,Mocha,Coffee,3.65,1,3.65,9032,Card
1215,09-05-2024,5.07.00 PM,Uptown,108,Americano,Coffee,7.08,3,21.24,6820,Cash
1216,02-03-2024,5.59.00 PM,Downtown,527,Americano,Coffee,3.98,2,7.96,9363,Mobile
1217,09-02-2024,11.20.00 AM,Downtown,116,Mocha,Beverage,3.85,3,11.55,5887,Card
1218,10-05-2024,5.33.00 PM,Midtown,489,Espresso,Beverage,2.63,1,2.63,9677,Cash
1219,28-09-2024,10.49.00 AM,Downtown,815,Latte,Coffee,2.7,4,10.8,4727,Cash
1220,05-08-2024,2.19.00 PM,Downtown,799,Espresso,Beverage,3.61,3,10.83,6785,Mobile
1222,01-06-2024,9.43.00 AM,Downtown,186,Espresso,Coffee,3.3,2,6.6,8433,Cash
1223,10-09-2024,10.15.00 PM,Downtown,306,Cappuccino,Beverage,4.49,1,4.49,4670,Card
1224,15-12-2024,2.11.00 PM,Uptown,455,Americano,Beverage,5.81,1,5.81,6192,Mobile
1225,08-01-2024,8.57.00 AM,Downtown,315,missing,Coffee,4.31,2,8.62,7238,Card
1226,06-03-2024,7.35.00 PM,Downtown,117,Mocha,Coffee,4.77,4,19.08,7481,Mobile
1227,30-07-2024,5.51.00 PM,Midtown,554,Cappuccino,Beverage,4.82,4,19.28,6367,Mobile
1228,28-04-2024,5.18.00 PM,Midtown,674,Cappuccino,Beverage,5.86,3,17.58,1701,Card
1229,24-09-2024,8.47.00 PM,Uptown,416,Mocha,Coffee,4.66,3,13.98,1386,Mobile
1230,02-01-2024,2.35.00 PM,Midtown,786,Mocha,Beverage,3.88,1,3.88,9697,Mobile
1232,02-06-2024,9.54.00 AM,Downtown,292,Cappuccino,Coffee,6.06,2,12.12,3032,Cash
1233,26-05-2024,2.22.00 PM,Downtown,498,Americano,Coffee,3.65,3,10.95,9945,Mobile
1235,24-05-2024,4.20.00 PM,Uptown,789,Cappuccino,Beverage,7.39,4,29.56,1524,Cash
1236,01-05-2024,10.03.00 AM,Uptown,688,Mocha,Coffee,6.93,4,27.72,2986,Mobile
1238,08-03-2024,6.12.00 AM,Uptown,258,Mocha,Coffee,6.86,3,20.58,5886,Card
1239,26-03-2024,7.23.00 AM,Downtown,474,Americano,Beverage,5.28,4,21.12,4454,Mobile
1242,10-10-2024,11.35.00 AM,Downtown,485,Americano,Beverage,7.16,3,21.48,6956,Card
1243,21-06-2024,3.53.00 PM,Downtown,960,Latte,Beverage,2.91,2,5.82,1579,Mobile
1244,31-07-2024,5.54.00 PM,Uptown,835,Espresso,Coffee,7.16,1,7.16,1156,Card
1246,30-07-2024,10.43.00 AM,Uptown,728,Latte,Coffee,4.48,3,13.44,3178,Cash
1247,10-07-2024,7.27.00 PM,Downtown,792,Latte,Coffee,2.85,1,2.85,5674,Card
1248,04-02-2024,3.12.00 PM,Midtown,275,Americano,Beverage,2.94,4,11.76,1848,Mobile
1249,25-06-2024,12.39.00 PM,Midtown,463,missing,Beverage,6.53,4,26.12,6335,Mobile
1250,14-03-2024,10.16.00 PM,Uptown,634,Americano,Beverage,2.62,3,7.86,7522,Card
1251,28-10-2024,10.30.00 AM,Downtown,283,Cappuccino,Coffee,6.46,2,12.92,1470,Mobile
1252,28-12-2024,7.42.00 AM,Midtown,485,Americano,Beverage,7.29,1,7.29,4672,Card
1253,11-07-2024,11.56.00 AM,Downtown,610,Latte,Coffee,7.14,2,14.28,8339,Card
1254,03-06-2024,8.43.00 PM,Downtown,669,Mocha,Coffee,5.82,1,5.82,1324,Mobile
1255,08-11-2024,6.23.00 PM,Midtown,403,Americano,Coffee,7.48,1,7.48,7862,Cash
1256,01-02-2024,6.26.00 PM,Uptown,873,Mocha,Coffee,5.15,2,10.3,2322,Mobile
1257,14-08-2024,5.36.00 PM,Uptown,419,Latte,Beverage,7.36,4,29.44,1564,Card
1258,07-09-2024,9.39.00 AM,Uptown,460,Americano,Beverage,6.56,3,19.68,7870,Card
1259,09-05-2024,3.45.00 PM,Downtown,495,Espresso,Beverage,3.6,2,7.2,7500,Cash
1260,12-07-2024,7.32.00 PM,Uptown,921,Latte,Beverage,6.52,3,19.56,1755,Card
